max_walking_distance,5
trial_number,sim_iter_0,sim_iter_1,sim_iter_2,sim_iter_3,sim_iter_4,sim_iter_5,sim_iter_6,sim_iter_7,sim_iter_8,sim_iter_9,sim_iter_10,sim_iter_11,sim_iter_12,sim_iter_13,sim_iter_14,sim_iter_15,sim_iter_16,sim_iter_17,sim_iter_18,sim_iter_19,sim_iter_20,sim_iter_21,sim_iter_22,sim_iter_23,sim_iter_24,sim_iter_25,sim_iter_26,sim_iter_27,sim_iter_28,sim_iter_29,sim_iter_30,sim_iter_31,sim_iter_32,sim_iter_33,sim_iter_34,sim_iter_35,sim_iter_36,sim_iter_37,sim_iter_38,sim_iter_39,sim_iter_40,sim_iter_41,sim_iter_42,sim_iter_43,sim_iter_44,sim_iter_45,sim_iter_46,sim_iter_47,sim_iter_48,sim_iter_49,sim_iter_50,hap_iter_0,hap_iter_1,hap_iter_2,hap_iter_3,hap_iter_4,hap_iter_5,hap_iter_6,hap_iter_7,hap_iter_8,hap_iter_9,hap_iter_10,hap_iter_11,hap_iter_12,hap_iter_13,hap_iter_14,hap_iter_15,hap_iter_16,hap_iter_17,hap_iter_18,hap_iter_19,hap_iter_20,hap_iter_21,hap_iter_22,hap_iter_23,hap_iter_24,hap_iter_25,hap_iter_26,hap_iter_27,hap_iter_28,hap_iter_29,hap_iter_30,hap_iter_31,hap_iter_32,hap_iter_33,hap_iter_34,hap_iter_35,hap_iter_36,hap_iter_37,hap_iter_38,hap_iter_39,hap_iter_40,hap_iter_41,hap_iter_42,hap_iter_43,hap_iter_44,hap_iter_45,hap_iter_46,hap_iter_47,hap_iter_48,hap_iter_49,hap_iter_50
0,0.5216964285714287,0.5253869047619049,0.5662202380952381,0.565625,0.5817559523809523,0.5838392857142858,0.6117559523809526,0.6275297619047621,0.6325892857142859,0.6692559523809526,0.687857142857143,0.7082738095238095,0.7301785714285715,0.7516666666666667,0.7516666666666667,0.7516666666666667,0.7516666666666667,0.7516666666666667,0.7516666666666667,0.7516666666666667,0.7516666666666667,0.7516666666666667,0.7516666666666667,0.7516666666666667,0.7516666666666667,0.7516666666666667,0.7516666666666667,0.7516666666666667,0.7516666666666667,0.7516666666666667,0.7516666666666667,0.7516666666666667,0.7516666666666667,0.7516666666666667,0.7516666666666667,0.7516666666666667,0.7516666666666667,0.7516666666666667,0.7516666666666667,0.7516666666666667,0.7516666666666667,0.7516666666666667,0.7516666666666667,0.7516666666666667,0.7516666666666667,0.7516666666666667,0.7516666666666667,0.7516666666666667,0.7516666666666667,0.7516666666666667,0.7516666666666667,0.7,0.725,0.75,0.8,0.825,0.85,0.875,0.9,0.925,0.95,0.95,0.975,0.975,1.0,1.0,1.0,1.0,1.0,1.0,1.0,1.0,1.0,1.0,1.0,1.0,1.0,1.0,1.0,1.0,1.0,1.0,1.0,1.0,1.0,1.0,1.0,1.0,1.0,1.0,1.0,1.0,1.0,1.0,1.0,1.0,1.0,1.0,1.0,1.0,1.0,1.0
1,0.444047619047619,0.44761904761904764,0.45901360544217695,0.4729024943310659,0.5081349206349207,0.5248015873015873,0.540873015873016,0.539172335600907,0.5653628117913831,0.5841269841269842,0.590079365079365,0.6107142857142858,0.651700680272109,0.6620181405895692,0.6692743764172336,0.6891156462585035,0.7030045351473925,0.7192743764172337,0.7228458049886622,0.7367346938775512,0.7367346938775512,0.7367346938775512,0.7367346938775512,0.7367346938775512,0.7367346938775512,0.7367346938775512,0.7367346938775512,0.7367346938775512,0.7367346938775512,0.7367346938775512,0.7367346938775512,0.7367346938775512,0.7367346938775512,0.7367346938775512,0.7367346938775512,0.7367346938775512,0.7367346938775512,0.7367346938775512,0.7367346938775512,0.7367346938775512,0.7367346938775512,0.7367346938775512,0.7367346938775512,0.7367346938775512,0.7367346938775512,0.7367346938775512,0.7367346938775512,0.7367346938775512,0.7367346938775512,0.7367346938775512,0.7367346938775512,0.5952380952380952,0.6190476190476191,0.6190476190476191,0.6666666666666666,0.7619047619047619,0.7857142857142857,0.8095238095238095,0.8333333333333334,0.8571428571428571,0.8809523809523809,0.9047619047619048,0.8809523809523809,0.9047619047619048,0.9047619047619048,0.9047619047619048,0.9285714285714286,0.9523809523809523,0.9761904761904762,0.9761904761904762,1.0,1.0,1.0,1.0,1.0,1.0,1.0,1.0,1.0,1.0,1.0,1.0,1.0,1.0,1.0,1.0,1.0,1.0,1.0,1.0,1.0,1.0,1.0,1.0,1.0,1.0,1.0,1.0,1.0,1.0,1.0,1.0
2,0.5277777777777778,0.563548752834467,0.5777210884353741,0.5892290249433105,0.6043083900226757,0.6183673469387755,0.6493197278911566,0.6757086167800455,0.6919784580498868,0.7286848072562359,0.7380952380952382,0.74484126984127,0.7715986394557823,0.7823129251700681,0.7823129251700681,0.7823129251700681,0.7823129251700681,0.7823129251700681,0.7823129251700681,0.7823129251700681,0.7823129251700681,0.7823129251700681,0.7823129251700681,0.7823129251700681,0.7823129251700681,0.7823129251700681,0.7823129251700681,0.7823129251700681,0.7823129251700681,0.7823129251700681,0.7823129251700681,0.7823129251700681,0.7823129251700681,0.7823129251700681,0.7823129251700681,0.7823129251700681,0.7823129251700681,0.7823129251700681,0.7823129251700681,0.7823129251700681,0.7823129251700681,0.7823129251700681,0.7823129251700681,0.7823129251700681,0.7823129251700681,0.7823129251700681,0.7823129251700681,0.7823129251700681,0.7823129251700681,0.7823129251700681,0.7823129251700681,0.8095238095238095,0.8333333333333334,0.8571428571428571,0.8571428571428571,0.8809523809523809,0.9047619047619048,0.9285714285714286,0.9285714285714286,0.9285714285714286,0.9523809523809523,0.9523809523809523,0.9523809523809523,0.9761904761904762,1.0,1.0,1.0,1.0,1.0,1.0,1.0,1.0,1.0,1.0,1.0,1.0,1.0,1.0,1.0,1.0,1.0,1.0,1.0,1.0,1.0,1.0,1.0,1.0,1.0,1.0,1.0,1.0,1.0,1.0,1.0,1.0,1.0,1.0,1.0,1.0,1.0,1.0
3,0.45048125633232017,0.46268996960486325,0.48229483282674784,0.48829787234042565,0.497872340425532,0.5131965552178319,0.523100303951368,0.5755319148936171,0.5855116514690984,0.598986828774063,0.6171985815602838,0.6272796352583587,0.6396909827760893,0.6691995947315098,0.6868794326241136,0.6976190476190478,0.7073454913880447,0.7073454913880447,0.7073454913880447,0.7073454913880447,0.7073454913880447,0.7073454913880447,0.7073454913880447,0.7073454913880447,0.7073454913880447,0.7073454913880447,0.7073454913880447,0.7073454913880447,0.7073454913880447,0.7073454913880447,0.7073454913880447,0.7073454913880447,0.7073454913880447,0.7073454913880447,0.7073454913880447,0.7073454913880447,0.7073454913880447,0.7073454913880447,0.7073454913880447,0.7073454913880447,0.7073454913880447,0.7073454913880447,0.7073454913880447,0.7073454913880447,0.7073454913880447,0.7073454913880447,0.7073454913880447,0.7073454913880447,0.7073454913880447,0.7073454913880447,0.7073454913880447,0.6170212765957447,0.6382978723404256,0.6595744680851063,0.6808510638297872,0.7021276595744681,0.7659574468085106,0.7872340425531915,0.8085106382978723,0.851063829787234,0.8723404255319149,0.8936170212765957,0.9148936170212766,0.9361702127659575,0.9574468085106383,0.9574468085106383,0.9787234042553191,1.0,1.0,1.0,1.0,1.0,1.0,1.0,1.0,1.0,1.0,1.0,1.0,1.0,1.0,1.0,1.0,1.0,1.0,1.0,1.0,1.0,1.0,1.0,1.0,1.0,1.0,1.0,1.0,1.0,1.0,1.0,1.0,1.0,1.0,1.0
4,0.4025462962962963,0.41087962962962965,0.42986111111111114,0.4439153439153439,0.46058201058201065,0.4791005291005291,0.48571428571428554,0.49543650793650784,0.5347883597883596,0.5611772486772485,0.5880291005291004,0.6065476190476189,0.6384920634920633,0.6635582010582011,0.67744708994709,0.689021164021164,0.7060846560846561,0.731547619047619,0.7445767195767196,0.7445767195767196,0.7445767195767196,0.7445767195767196,0.7445767195767196,0.7445767195767196,0.7445767195767196,0.7445767195767196,0.7445767195767196,0.7445767195767196,0.7445767195767196,0.7445767195767196,0.7445767195767196,0.7445767195767196,0.7445767195767196,0.7445767195767196,0.7445767195767196,0.7445767195767196,0.7445767195767196,0.7445767195767196,0.7445767195767196,0.7445767195767196,0.7445767195767196,0.7445767195767196,0.7445767195767196,0.7445767195767196,0.7445767195767196,0.7445767195767196,0.7445767195767196,0.7445767195767196,0.7445767195767196,0.7445767195767196,0.7445767195767196,0.5277777777777778,0.5833333333333334,0.6111111111111112,0.6388888888888888,0.6944444444444444,0.7222222222222222,0.75,0.75,0.7777777777777778,0.8055555555555556,0.8333333333333334,0.8611111111111112,0.8888888888888888,0.8611111111111112,0.8888888888888888,0.9166666666666666,0.9444444444444444,0.9722222222222222,1.0,1.0,1.0,1.0,1.0,1.0,1.0,1.0,1.0,1.0,1.0,1.0,1.0,1.0,1.0,1.0,1.0,1.0,1.0,1.0,1.0,1.0,1.0,1.0,1.0,1.0,1.0,1.0,1.0,1.0,1.0,1.0,1.0
5,0.463472706155633,0.4740418118466898,0.5224157955865274,0.5455865272938444,0.563472706155633,0.5724157955865273,0.5896051103368177,0.6087108013937284,0.6222415795586529,0.6205865272938444,0.65705574912892,0.6582752613240419,0.6882984901277585,0.721980255516841,0.7407375145180024,0.7655632984901278,0.7655632984901278,0.7655632984901278,0.7655632984901278,0.7655632984901278,0.7655632984901278,0.7655632984901278,0.7655632984901278,0.7655632984901278,0.7655632984901278,0.7655632984901278,0.7655632984901278,0.7655632984901278,0.7655632984901278,0.7655632984901278,0.7655632984901278,0.7655632984901278,0.7655632984901278,0.7655632984901278,0.7655632984901278,0.7655632984901278,0.7655632984901278,0.7655632984901278,0.7655632984901278,0.7655632984901278,0.7655632984901278,0.7655632984901278,0.7655632984901278,0.7655632984901278,0.7655632984901278,0.7655632984901278,0.7655632984901278,0.7655632984901278,0.7655632984901278,0.7655632984901278,0.7655632984901278,0.6097560975609756,0.6585365853658537,0.7073170731707317,0.7317073170731707,0.7560975609756098,0.7804878048780488,0.8048780487804879,0.8292682926829268,0.8536585365853658,0.8780487804878049,0.9024390243902439,0.926829268292683,0.926829268292683,0.9512195121951219,0.9512195121951219,0.975609756097561,0.975609756097561,0.975609756097561,0.975609756097561,0.975609756097561,0.975609756097561,0.975609756097561,0.975609756097561,0.975609756097561,0.975609756097561,0.975609756097561,0.975609756097561,0.975609756097561,0.975609756097561,0.975609756097561,0.975609756097561,0.975609756097561,0.975609756097561,0.975609756097561,0.975609756097561,0.975609756097561,0.975609756097561,0.975609756097561,0.975609756097561,0.975609756097561,0.975609756097561,0.975609756097561,0.975609756097561,0.975609756097561,0.975609756097561,0.975609756097561,0.975609756097561,0.975609756097561,0.975609756097561,0.975609756097561,0.975609756097561
6,0.491033434650456,0.5108409321175279,0.5267983789260385,0.542451874366768,0.5617021276595746,0.5812563323201623,0.6024822695035462,0.6455927051671734,0.6722137791286729,0.6883232016210741,0.702001013171226,0.7181610942249241,0.7362462006079027,0.7362462006079027,0.7362462006079027,0.7362462006079027,0.7362462006079027,0.7362462006079027,0.7362462006079027,0.7362462006079027,0.7362462006079027,0.7362462006079027,0.7362462006079027,0.7362462006079027,0.7362462006079027,0.7362462006079027,0.7362462006079027,0.7362462006079027,0.7362462006079027,0.7362462006079027,0.7362462006079027,0.7362462006079027,0.7362462006079027,0.7362462006079027,0.7362462006079027,0.7362462006079027,0.7362462006079027,0.7362462006079027,0.7362462006079027,0.7362462006079027,0.7362462006079027,0.7362462006079027,0.7362462006079027,0.7362462006079027,0.7362462006079027,0.7362462006079027,0.7362462006079027,0.7362462006079027,0.7362462006079027,0.7362462006079027,0.7362462006079027,0.7659574468085106,0.8085106382978723,0.8297872340425532,0.8297872340425532,0.8297872340425532,0.851063829787234,0.8723404255319149,0.9148936170212766,0.9361702127659575,0.9574468085106383,0.9787234042553191,0.9787234042553191,1.0,1.0,1.0,1.0,1.0,1.0,1.0,1.0,1.0,1.0,1.0,1.0,1.0,1.0,1.0,1.0,1.0,1.0,1.0,1.0,1.0,1.0,1.0,1.0,1.0,1.0,1.0,1.0,1.0,1.0,1.0,1.0,1.0,1.0,1.0,1.0,1.0,1.0,1.0
7,0.5402432712215319,0.5735766045548653,0.582634575569358,0.5988612836438924,0.6167184265010353,0.6379917184265012,0.6524844720496896,0.656625258799172,0.6752587991718427,0.6984989648033129,0.6973084886128366,0.7162525879917186,0.7347567287784679,0.7613354037267083,0.7943322981366462,0.7943322981366462,0.7943322981366462,0.7943322981366462,0.7943322981366462,0.7943322981366462,0.7943322981366462,0.7943322981366462,0.7943322981366462,0.7943322981366462,0.7943322981366462,0.7943322981366462,0.7943322981366462,0.7943322981366462,0.7943322981366462,0.7943322981366462,0.7943322981366462,0.7943322981366462,0.7943322981366462,0.7943322981366462,0.7943322981366462,0.7943322981366462,0.7943322981366462,0.7943322981366462,0.7943322981366462,0.7943322981366462,0.7943322981366462,0.7943322981366462,0.7943322981366462,0.7943322981366462,0.7943322981366462,0.7943322981366462,0.7943322981366462,0.7943322981366462,0.7943322981366462,0.7943322981366462,0.7943322981366462,0.6739130434782609,0.6956521739130435,0.7391304347826086,0.7391304347826086,0.782608695652174,0.8043478260869565,0.8260869565217391,0.8695652173913043,0.8695652173913043,0.9130434782608695,0.9130434782608695,0.9347826086956522,0.9565217391304348,0.9782608695652174,1.0,1.0,1.0,1.0,1.0,1.0,1.0,1.0,1.0,1.0,1.0,1.0,1.0,1.0,1.0,1.0,1.0,1.0,1.0,1.0,1.0,1.0,1.0,1.0,1.0,1.0,1.0,1.0,1.0,1.0,1.0,1.0,1.0,1.0,1.0,1.0,1.0
8,0.5294444444444444,0.5484391534391533,0.5589153439153439,0.5641005291005291,0.5637301587301587,0.5746296296296296,0.6211904761904762,0.6515343915343915,0.6764021164021163,0.6838095238095239,0.6838095238095239,0.6838095238095239,0.6838095238095239,0.6838095238095239,0.6838095238095239,0.6838095238095239,0.6838095238095239,0.6838095238095239,0.6838095238095239,0.6838095238095239,0.6838095238095239,0.6838095238095239,0.6838095238095239,0.6838095238095239,0.6838095238095239,0.6838095238095239,0.6838095238095239,0.6838095238095239,0.6838095238095239,0.6838095238095239,0.6838095238095239,0.6838095238095239,0.6838095238095239,0.6838095238095239,0.6838095238095239,0.6838095238095239,0.6838095238095239,0.6838095238095239,0.6838095238095239,0.6838095238095239,0.6838095238095239,0.6838095238095239,0.6838095238095239,0.6838095238095239,0.6838095238095239,0.6838095238095239,0.6838095238095239,0.6838095238095239,0.6838095238095239,0.6838095238095239,0.6838095238095239,0.7777777777777778,0.8444444444444444,0.8666666666666667,0.8888888888888888,0.8888888888888888,0.9111111111111111,0.9333333333333333,0.9555555555555556,0.9777777777777777,1.0,1.0,1.0,1.0,1.0,1.0,1.0,1.0,1.0,1.0,1.0,1.0,1.0,1.0,1.0,1.0,1.0,1.0,1.0,1.0,1.0,1.0,1.0,1.0,1.0,1.0,1.0,1.0,1.0,1.0,1.0,1.0,1.0,1.0,1.0,1.0,1.0,1.0,1.0,1.0,1.0,1.0
9,0.41210317460317447,0.41939484126984117,0.4245535714285713,0.4583333333333332,0.4669642857142855,0.46800595238095216,0.48328373015873005,0.494047619047619,0.5060515873015873,0.5303819444444444,0.535639880952381,0.5422371031746033,0.5578125000000002,0.576264880952381,0.5941964285714286,0.6281001984126985,0.630952380952381,0.6568452380952382,0.6707341269841272,0.706076388888889,0.7149553571428573,0.7473462301587303,0.7720982142857143,0.7918898809523811,0.80734126984127,0.80734126984127,0.80734126984127,0.80734126984127,0.80734126984127,0.80734126984127,0.80734126984127,0.80734126984127,0.80734126984127,0.80734126984127,0.80734126984127,0.80734126984127,0.80734126984127,0.80734126984127,0.80734126984127,0.80734126984127,0.80734126984127,0.80734126984127,0.80734126984127,0.80734126984127,0.80734126984127,0.80734126984127,0.80734126984127,0.80734126984127,0.80734126984127,0.80734126984127,0.80734126984127,0.5625,0.5833333333333334,0.625,0.6458333333333334,0.6875,0.6666666666666666,0.6666666666666666,0.6875,0.6875,0.7083333333333334,0.7291666666666666,0.7291666666666666,0.7291666666666666,0.75,0.7708333333333334,0.7916666666666666,0.7916666666666666,0.8125,0.8333333333333334,0.8541666666666666,0.875,0.9166666666666666,0.9583333333333334,0.9791666666666666,1.0,1.0,1.0,1.0,1.0,1.0,1.0,1.0,1.0,1.0,1.0,1.0,1.0,1.0,1.0,1.0,1.0,1.0,1.0,1.0,1.0,1.0,1.0,1.0,1.0,1.0,1.0
10,0.5482010582010582,0.5691269841269841,0.5796031746031746,0.5965343915343915,0.6210846560846562,0.6436507936507937,0.6557142857142858,0.6579894179894181,0.6887830687830689,0.7055026455026456,0.6951322751322753,0.709973544973545,0.7366402116402119,0.7699735449735452,0.7905291005291006,0.7905291005291006,0.7905291005291006,0.7905291005291006,0.7905291005291006,0.7905291005291006,0.7905291005291006,0.7905291005291006,0.7905291005291006,0.7905291005291006,0.7905291005291006,0.7905291005291006,0.7905291005291006,0.7905291005291006,0.7905291005291006,0.7905291005291006,0.7905291005291006,0.7905291005291006,0.7905291005291006,0.7905291005291006,0.7905291005291006,0.7905291005291006,0.7905291005291006,0.7905291005291006,0.7905291005291006,0.7905291005291006,0.7905291005291006,0.7905291005291006,0.7905291005291006,0.7905291005291006,0.7905291005291006,0.7905291005291006,0.7905291005291006,0.7905291005291006,0.7905291005291006,0.7905291005291006,0.7905291005291006,0.7111111111111111,0.7333333333333333,0.7555555555555555,0.8,0.7777777777777778,0.8,0.8222222222222222,0.8444444444444444,0.8666666666666667,0.8888888888888888,0.9111111111111111,0.9333333333333333,0.9555555555555556,0.9777777777777777,1.0,1.0,1.0,1.0,1.0,1.0,1.0,1.0,1.0,1.0,1.0,1.0,1.0,1.0,1.0,1.0,1.0,1.0,1.0,1.0,1.0,1.0,1.0,1.0,1.0,1.0,1.0,1.0,1.0,1.0,1.0,1.0,1.0,1.0,1.0,1.0,1.0
11,0.5394209956709957,0.5554383116883117,0.5769209956709956,0.5824404761904762,0.5867694805194805,0.6079816017316019,0.654193722943723,0.6621753246753247,0.6898809523809525,0.6898809523809525,0.6898809523809525,0.6898809523809525,0.6898809523809525,0.6898809523809525,0.6898809523809525,0.6898809523809525,0.6898809523809525,0.6898809523809525,0.6898809523809525,0.6898809523809525,0.6898809523809525,0.6898809523809525,0.6898809523809525,0.6898809523809525,0.6898809523809525,0.6898809523809525,0.6898809523809525,0.6898809523809525,0.6898809523809525,0.6898809523809525,0.6898809523809525,0.6898809523809525,0.6898809523809525,0.6898809523809525,0.6898809523809525,0.6898809523809525,0.6898809523809525,0.6898809523809525,0.6898809523809525,0.6898809523809525,0.6898809523809525,0.6898809523809525,0.6898809523809525,0.6898809523809525,0.6898809523809525,0.6898809523809525,0.6898809523809525,0.6898809523809525,0.6898809523809525,0.6898809523809525,0.6898809523809525,0.8181818181818182,0.8409090909090909,0.8636363636363636,0.8863636363636364,0.9090909090909091,0.9318181818181818,0.9545454545454546,0.9772727272727273,1.0,1.0,1.0,1.0,1.0,1.0,1.0,1.0,1.0,1.0,1.0,1.0,1.0,1.0,1.0,1.0,1.0,1.0,1.0,1.0,1.0,1.0,1.0,1.0,1.0,1.0,1.0,1.0,1.0,1.0,1.0,1.0,1.0,1.0,1.0,1.0,1.0,1.0,1.0,1.0,1.0,1.0,1.0
12,0.49893353174603167,0.510391865079365,0.5552083333333332,0.561111111111111,0.5854166666666666,0.59375,0.6111855158730158,0.6146577380952382,0.6417410714285715,0.651810515873016,0.6733382936507937,0.7018849206349206,0.7373263888888889,0.7812748015873016,0.7910218253968254,0.8205853174603175,0.8205853174603175,0.8205853174603175,0.8205853174603175,0.8205853174603175,0.8205853174603175,0.8205853174603175,0.8205853174603175,0.8205853174603175,0.8205853174603175,0.8205853174603175,0.8205853174603175,0.8205853174603175,0.8205853174603175,0.8205853174603175,0.8205853174603175,0.8205853174603175,0.8205853174603175,0.8205853174603175,0.8205853174603175,0.8205853174603175,0.8205853174603175,0.8205853174603175,0.8205853174603175,0.8205853174603175,0.8205853174603175,0.8205853174603175,0.8205853174603175,0.8205853174603175,0.8205853174603175,0.8205853174603175,0.8205853174603175,0.8205853174603175,0.8205853174603175,0.8205853174603175,0.8205853174603175,0.6666666666666666,0.6875,0.7083333333333334,0.7291666666666666,0.7708333333333334,0.7708333333333334,0.7916666666666666,0.8125,0.8333333333333334,0.8541666666666666,0.875,0.8958333333333334,0.9166666666666666,0.9583333333333334,0.9791666666666666,1.0,1.0,1.0,1.0,1.0,1.0,1.0,1.0,1.0,1.0,1.0,1.0,1.0,1.0,1.0,1.0,1.0,1.0,1.0,1.0,1.0,1.0,1.0,1.0,1.0,1.0,1.0,1.0,1.0,1.0,1.0,1.0,1.0,1.0,1.0,1.0
13,0.46037414965986395,0.4691043083900226,0.4968820861678005,0.5078231292517006,0.5248866213151926,0.5343253968253967,0.5823412698412698,0.5997165532879819,0.6056689342403628,0.6335034013605443,0.6581065759637189,0.6660430839002268,0.6763605442176872,0.6886621315192745,0.6883219954648527,0.7010204081632654,0.7081632653061225,0.7081632653061225,0.7081632653061225,0.7081632653061225,0.7081632653061225,0.7081632653061225,0.7081632653061225,0.7081632653061225,0.7081632653061225,0.7081632653061225,0.7081632653061225,0.7081632653061225,0.7081632653061225,0.7081632653061225,0.7081632653061225,0.7081632653061225,0.7081632653061225,0.7081632653061225,0.7081632653061225,0.7081632653061225,0.7081632653061225,0.7081632653061225,0.7081632653061225,0.7081632653061225,0.7081632653061225,0.7081632653061225,0.7081632653061225,0.7081632653061225,0.7081632653061225,0.7081632653061225,0.7081632653061225,0.7081632653061225,0.7081632653061225,0.7081632653061225,0.7081632653061225,0.6190476190476191,0.6428571428571429,0.6666666666666666,0.7380952380952381,0.7619047619047619,0.7619047619047619,0.7857142857142857,0.8095238095238095,0.8095238095238095,0.8333333333333334,0.8571428571428571,0.8809523809523809,0.9047619047619048,0.9285714285714286,0.9523809523809523,0.9761904761904762,1.0,1.0,1.0,1.0,1.0,1.0,1.0,1.0,1.0,1.0,1.0,1.0,1.0,1.0,1.0,1.0,1.0,1.0,1.0,1.0,1.0,1.0,1.0,1.0,1.0,1.0,1.0,1.0,1.0,1.0,1.0,1.0,1.0,1.0,1.0
14,0.5322954822954823,0.5381562881562881,0.5527472527472528,0.575885225885226,0.5893772893772894,0.6034798534798536,0.6195970695970695,0.6369963369963371,0.6613553113553113,0.672893772893773,0.6904761904761906,0.7116910866910867,0.7297313797313797,0.7460622710622711,0.7460622710622711,0.7460622710622711,0.7460622710622711,0.7460622710622711,0.7460622710622711,0.7460622710622711,0.7460622710622711,0.7460622710622711,0.7460622710622711,0.7460622710622711,0.7460622710622711,0.7460622710622711,0.7460622710622711,0.7460622710622711,0.7460622710622711,0.7460622710622711,0.7460622710622711,0.7460622710622711,0.7460622710622711,0.7460622710622711,0.7460622710622711,0.7460622710622711,0.7460622710622711,0.7460622710622711,0.7460622710622711,0.7460622710622711,0.7460622710622711,0.7460622710622711,0.7460622710622711,0.7460622710622711,0.7460622710622711,0.7460622710622711,0.7460622710622711,0.7460622710622711,0.7460622710622711,0.7460622710622711,0.7460622710622711,0.6923076923076923,0.717948717948718,0.7435897435897436,0.7692307692307693,0.7948717948717948,0.8461538461538461,0.8461538461538461,0.8717948717948718,0.8974358974358975,0.9230769230769231,0.9487179487179487,0.9487179487179487,0.9743589743589743,1.0,1.0,1.0,1.0,1.0,1.0,1.0,1.0,1.0,1.0,1.0,1.0,1.0,1.0,1.0,1.0,1.0,1.0,1.0,1.0,1.0,1.0,1.0,1.0,1.0,1.0,1.0,1.0,1.0,1.0,1.0,1.0,1.0,1.0,1.0,1.0,1.0,1.0
15,0.5342013888888889,0.5408978174603175,0.5576388888888889,0.5784474206349207,0.6141617063492065,0.6444940476190478,0.6606894841269842,0.681622023809524,0.7139136904761906,0.7312748015873015,0.7472718253968255,0.7535962301587302,0.7747271825396825,0.7747271825396825,0.7747271825396825,0.7747271825396825,0.7747271825396825,0.7747271825396825,0.7747271825396825,0.7747271825396825,0.7747271825396825,0.7747271825396825,0.7747271825396825,0.7747271825396825,0.7747271825396825,0.7747271825396825,0.7747271825396825,0.7747271825396825,0.7747271825396825,0.7747271825396825,0.7747271825396825,0.7747271825396825,0.7747271825396825,0.7747271825396825,0.7747271825396825,0.7747271825396825,0.7747271825396825,0.7747271825396825,0.7747271825396825,0.7747271825396825,0.7747271825396825,0.7747271825396825,0.7747271825396825,0.7747271825396825,0.7747271825396825,0.7747271825396825,0.7747271825396825,0.7747271825396825,0.7747271825396825,0.7747271825396825,0.7747271825396825,0.75,0.7708333333333334,0.75,0.7916666666666666,0.8333333333333334,0.8541666666666666,0.875,0.8958333333333334,0.9166666666666666,0.9375,0.9583333333333334,0.9791666666666666,1.0,1.0,1.0,1.0,1.0,1.0,1.0,1.0,1.0,1.0,1.0,1.0,1.0,1.0,1.0,1.0,1.0,1.0,1.0,1.0,1.0,1.0,1.0,1.0,1.0,1.0,1.0,1.0,1.0,1.0,1.0,1.0,1.0,1.0,1.0,1.0,1.0,1.0,1.0
16,0.4910364145658264,0.492717086834734,0.5103641456582635,0.523202614379085,0.5380018674136322,0.5557889822595705,0.5709617180205416,0.5978991596638658,0.6092670401493933,0.6237861811391224,0.646591970121382,0.646591970121382,0.646591970121382,0.6546918767507004,0.6692110177404296,0.687138188608777,0.7076797385620915,0.7076797385620915,0.7076797385620915,0.7076797385620915,0.7076797385620915,0.7076797385620915,0.7076797385620915,0.7076797385620915,0.7076797385620915,0.7076797385620915,0.7076797385620915,0.7076797385620915,0.7076797385620915,0.7076797385620915,0.7076797385620915,0.7076797385620915,0.7076797385620915,0.7076797385620915,0.7076797385620915,0.7076797385620915,0.7076797385620915,0.7076797385620915,0.7076797385620915,0.7076797385620915,0.7076797385620915,0.7076797385620915,0.7076797385620915,0.7076797385620915,0.7076797385620915,0.7076797385620915,0.7076797385620915,0.7076797385620915,0.7076797385620915,0.7076797385620915,0.7076797385620915,0.6470588235294118,0.6862745098039216,0.7254901960784313,0.7647058823529411,0.8235294117647058,0.8431372549019608,0.8627450980392157,0.8823529411764706,0.9019607843137255,0.8823529411764706,0.9019607843137255,0.9019607843137255,0.9019607843137255,0.9215686274509803,0.9411764705882353,0.9607843137254902,0.9803921568627451,0.9803921568627451,0.9803921568627451,0.9803921568627451,0.9803921568627451,0.9803921568627451,0.9803921568627451,0.9803921568627451,0.9803921568627451,0.9803921568627451,0.9803921568627451,0.9803921568627451,0.9803921568627451,0.9803921568627451,0.9803921568627451,0.9803921568627451,0.9803921568627451,0.9803921568627451,0.9803921568627451,0.9803921568627451,0.9803921568627451,0.9803921568627451,0.9803921568627451,0.9803921568627451,0.9803921568627451,0.9803921568627451,0.9803921568627451,0.9803921568627451,0.9803921568627451,0.9803921568627451,0.9803921568627451,0.9803921568627451,0.9803921568627451,0.9803921568627451,0.9803921568627451
17,0.47763012181616843,0.526467331118494,0.5470099667774088,0.5489479512735328,0.5751384274640089,0.5987818383167222,0.6198781838316724,0.6421096345514953,0.6506921373200445,0.6571151716500555,0.6743632336655593,0.6856035437430786,0.6902547065337764,0.6902547065337764,0.6902547065337764,0.6902547065337764,0.6902547065337764,0.6902547065337764,0.6902547065337764,0.6902547065337764,0.6902547065337764,0.6902547065337764,0.6902547065337764,0.6902547065337764,0.6902547065337764,0.6902547065337764,0.6902547065337764,0.6902547065337764,0.6902547065337764,0.6902547065337764,0.6902547065337764,0.6902547065337764,0.6902547065337764,0.6902547065337764,0.6902547065337764,0.6902547065337764,0.6902547065337764,0.6902547065337764,0.6902547065337764,0.6902547065337764,0.6902547065337764,0.6902547065337764,0.6902547065337764,0.6902547065337764,0.6902547065337764,0.6902547065337764,0.6902547065337764,0.6902547065337764,0.6902547065337764,0.6902547065337764,0.6902547065337764,0.7209302325581395,0.7441860465116279,0.7674418604651163,0.7906976744186046,0.813953488372093,0.8372093023255814,0.9069767441860465,0.9069767441860465,0.9069767441860465,0.9302325581395349,0.9534883720930233,0.9767441860465116,1.0,1.0,1.0,1.0,1.0,1.0,1.0,1.0,1.0,1.0,1.0,1.0,1.0,1.0,1.0,1.0,1.0,1.0,1.0,1.0,1.0,1.0,1.0,1.0,1.0,1.0,1.0,1.0,1.0,1.0,1.0,1.0,1.0,1.0,1.0,1.0,1.0,1.0,1.0
18,0.42272978959025476,0.4321705426356589,0.43873200442967886,0.4511627906976744,0.45780730897009964,0.47508305647840526,0.49407530454042076,0.5097729789590254,0.5291528239202659,0.5367940199335548,0.5560354374307862,0.559717607973422,0.5720376522702104,0.5878183831672203,0.5940199335548172,0.6075858250276855,0.6207641196013289,0.6429125138427464,0.6619601328903656,0.6771317829457365,0.7042081949058694,0.7081949058693245,0.7081949058693245,0.7081949058693245,0.7081949058693245,0.7081949058693245,0.7081949058693245,0.7081949058693245,0.7081949058693245,0.7081949058693245,0.7081949058693245,0.7081949058693245,0.7081949058693245,0.7081949058693245,0.7081949058693245,0.7081949058693245,0.7081949058693245,0.7081949058693245,0.7081949058693245,0.7081949058693245,0.7081949058693245,0.7081949058693245,0.7081949058693245,0.7081949058693245,0.7081949058693245,0.7081949058693245,0.7081949058693245,0.7081949058693245,0.7081949058693245,0.7081949058693245,0.7081949058693245,0.5581395348837209,0.6046511627906976,0.6744186046511628,0.7209302325581395,0.7674418604651163,0.813953488372093,0.813953488372093,0.7906976744186046,0.7906976744186046,0.7674418604651163,0.7906976744186046,0.813953488372093,0.8372093023255814,0.8604651162790697,0.8837209302325582,0.9069767441860465,0.9302325581395349,0.9534883720930233,0.9767441860465116,0.9534883720930233,0.9767441860465116,1.0,1.0,1.0,1.0,1.0,1.0,1.0,1.0,1.0,1.0,1.0,1.0,1.0,1.0,1.0,1.0,1.0,1.0,1.0,1.0,1.0,1.0,1.0,1.0,1.0,1.0,1.0,1.0,1.0,1.0
19,0.5615343915343916,0.578994708994709,0.5946296296296296,0.6088095238095238,0.619179894179894,0.6577777777777777,0.6651851851851852,0.6893650793650794,0.7145502645502646,0.7245502645502646,0.7396825396825398,0.748941798941799,0.7619841269841271,0.7792328042328044,0.7792328042328044,0.7792328042328044,0.7792328042328044,0.7792328042328044,0.7792328042328044,0.7792328042328044,0.7792328042328044,0.7792328042328044,0.7792328042328044,0.7792328042328044,0.7792328042328044,0.7792328042328044,0.7792328042328044,0.7792328042328044,0.7792328042328044,0.7792328042328044,0.7792328042328044,0.7792328042328044,0.7792328042328044,0.7792328042328044,0.7792328042328044,0.7792328042328044,0.7792328042328044,0.7792328042328044,0.7792328042328044,0.7792328042328044,0.7792328042328044,0.7792328042328044,0.7792328042328044,0.7792328042328044,0.7792328042328044,0.7792328042328044,0.7792328042328044,0.7792328042328044,0.7792328042328044,0.7792328042328044,0.7792328042328044,0.6888888888888889,0.7111111111111111,0.7333333333333333,0.7555555555555555,0.7777777777777778,0.8,0.8222222222222222,0.8444444444444444,0.8666666666666667,0.8888888888888888,0.9111111111111111,0.9555555555555556,0.9777777777777777,1.0,1.0,1.0,1.0,1.0,1.0,1.0,1.0,1.0,1.0,1.0,1.0,1.0,1.0,1.0,1.0,1.0,1.0,1.0,1.0,1.0,1.0,1.0,1.0,1.0,1.0,1.0,1.0,1.0,1.0,1.0,1.0,1.0,1.0,1.0,1.0,1.0,1.0
20,0.4536796536796536,0.46580086580086566,0.47451298701298694,0.49764610389610375,0.5162067099567099,0.532819264069264,0.5441287878787878,0.5494318181818183,0.567180735930736,0.5834686147186148,0.5997564935064935,0.6281655844155845,0.6569805194805196,0.6706168831168833,0.6770562770562771,0.6937770562770563,0.6937770562770563,0.6937770562770563,0.6937770562770563,0.6937770562770563,0.6937770562770563,0.6937770562770563,0.6937770562770563,0.6937770562770563,0.6937770562770563,0.6937770562770563,0.6937770562770563,0.6937770562770563,0.6937770562770563,0.6937770562770563,0.6937770562770563,0.6937770562770563,0.6937770562770563,0.6937770562770563,0.6937770562770563,0.6937770562770563,0.6937770562770563,0.6937770562770563,0.6937770562770563,0.6937770562770563,0.6937770562770563,0.6937770562770563,0.6937770562770563,0.6937770562770563,0.6937770562770563,0.6937770562770563,0.6937770562770563,0.6937770562770563,0.6937770562770563,0.6937770562770563,0.6937770562770563,0.6590909090909091,0.6818181818181818,0.7272727272727273,0.7727272727272727,0.7954545454545454,0.8181818181818182,0.8181818181818182,0.8409090909090909,0.8636363636363636,0.8863636363636364,0.8636363636363636,0.9090909090909091,0.9318181818181818,0.9545454545454546,0.9772727272727273,1.0,1.0,1.0,1.0,1.0,1.0,1.0,1.0,1.0,1.0,1.0,1.0,1.0,1.0,1.0,1.0,1.0,1.0,1.0,1.0,1.0,1.0,1.0,1.0,1.0,1.0,1.0,1.0,1.0,1.0,1.0,1.0,1.0,1.0,1.0,1.0
21,0.5205426356589148,0.5321705426356591,0.5320598006644519,0.5491140642303435,0.5910575858250278,0.6147286821705428,0.6614341085271319,0.6762458471760797,0.6761904761904762,0.6945182724252493,0.7165559246954598,0.7442967884828352,0.76749723145072,0.76749723145072,0.76749723145072,0.76749723145072,0.76749723145072,0.76749723145072,0.76749723145072,0.76749723145072,0.76749723145072,0.76749723145072,0.76749723145072,0.76749723145072,0.76749723145072,0.76749723145072,0.76749723145072,0.76749723145072,0.76749723145072,0.76749723145072,0.76749723145072,0.76749723145072,0.76749723145072,0.76749723145072,0.76749723145072,0.76749723145072,0.76749723145072,0.76749723145072,0.76749723145072,0.76749723145072,0.76749723145072,0.76749723145072,0.76749723145072,0.76749723145072,0.76749723145072,0.76749723145072,0.76749723145072,0.76749723145072,0.76749723145072,0.76749723145072,0.76749723145072,0.6976744186046512,0.7441860465116279,0.7441860465116279,0.7674418604651163,0.813953488372093,0.8372093023255814,0.8604651162790697,0.8837209302325582,0.9069767441860465,0.9302325581395349,0.9534883720930233,0.9767441860465116,1.0,1.0,1.0,1.0,1.0,1.0,1.0,1.0,1.0,1.0,1.0,1.0,1.0,1.0,1.0,1.0,1.0,1.0,1.0,1.0,1.0,1.0,1.0,1.0,1.0,1.0,1.0,1.0,1.0,1.0,1.0,1.0,1.0,1.0,1.0,1.0,1.0,1.0,1.0
22,0.45845864661654134,0.47017543859649125,0.49166666666666675,0.5224310776942355,0.5355889724310776,0.5477443609022556,0.56265664160401,0.5762531328320801,0.5854636591478697,0.6176691729323308,0.6329573934837093,0.643922305764411,0.6604636591478696,0.6829573934837092,0.6921679197994987,0.713533834586466,0.713533834586466,0.713533834586466,0.713533834586466,0.713533834586466,0.713533834586466,0.713533834586466,0.713533834586466,0.713533834586466,0.713533834586466,0.713533834586466,0.713533834586466,0.713533834586466,0.713533834586466,0.713533834586466,0.713533834586466,0.713533834586466,0.713533834586466,0.713533834586466,0.713533834586466,0.713533834586466,0.713533834586466,0.713533834586466,0.713533834586466,0.713533834586466,0.713533834586466,0.713533834586466,0.713533834586466,0.713533834586466,0.713533834586466,0.713533834586466,0.713533834586466,0.713533834586466,0.713533834586466,0.713533834586466,0.713533834586466,0.5789473684210527,0.6052631578947368,0.6578947368421053,0.6842105263157895,0.7105263157894737,0.7631578947368421,0.7631578947368421,0.7894736842105263,0.7894736842105263,0.7894736842105263,0.8157894736842105,0.8421052631578947,0.868421052631579,0.9210526315789473,0.9736842105263158,1.0,1.0,1.0,1.0,1.0,1.0,1.0,1.0,1.0,1.0,1.0,1.0,1.0,1.0,1.0,1.0,1.0,1.0,1.0,1.0,1.0,1.0,1.0,1.0,1.0,1.0,1.0,1.0,1.0,1.0,1.0,1.0,1.0,1.0,1.0,1.0
23,0.6757846320346322,0.6719426406926409,0.6811417748917751,0.694020562770563,0.7157196969696972,0.7295454545454546,0.7417748917748918,0.7417748917748918,0.7417748917748918,0.7417748917748918,0.7417748917748918,0.7417748917748918,0.7417748917748918,0.7417748917748918,0.7417748917748918,0.7417748917748918,0.7417748917748918,0.7417748917748918,0.7417748917748918,0.7417748917748918,0.7417748917748918,0.7417748917748918,0.7417748917748918,0.7417748917748918,0.7417748917748918,0.7417748917748918,0.7417748917748918,0.7417748917748918,0.7417748917748918,0.7417748917748918,0.7417748917748918,0.7417748917748918,0.7417748917748918,0.7417748917748918,0.7417748917748918,0.7417748917748918,0.7417748917748918,0.7417748917748918,0.7417748917748918,0.7417748917748918,0.7417748917748918,0.7417748917748918,0.7417748917748918,0.7417748917748918,0.7417748917748918,0.7417748917748918,0.7417748917748918,0.7417748917748918,0.7417748917748918,0.7417748917748918,0.7417748917748918,0.8636363636363636,0.9090909090909091,0.9318181818181818,0.9545454545454546,0.9772727272727273,0.9772727272727273,1.0,1.0,1.0,1.0,1.0,1.0,1.0,1.0,1.0,1.0,1.0,1.0,1.0,1.0,1.0,1.0,1.0,1.0,1.0,1.0,1.0,1.0,1.0,1.0,1.0,1.0,1.0,1.0,1.0,1.0,1.0,1.0,1.0,1.0,1.0,1.0,1.0,1.0,1.0,1.0,1.0,1.0,1.0,1.0,1.0
24,0.3966666666666668,0.4145000000000001,0.439404761904762,0.4524047619047619,0.47140476190476194,0.4797380952380952,0.4998095238095238,0.5284047619047619,0.540904761904762,0.5636428571428572,0.5839761904761906,0.6011428571428572,0.6266190476190477,0.635952380952381,0.6498333333333335,0.6704285714285715,0.697095238095238,0.7182857142857142,0.7382380952380952,0.7534285714285712,0.7746190476190477,0.795666666666667,0.795666666666667,0.795666666666667,0.795666666666667,0.795666666666667,0.795666666666667,0.795666666666667,0.795666666666667,0.795666666666667,0.795666666666667,0.795666666666667,0.795666666666667,0.795666666666667,0.795666666666667,0.795666666666667,0.795666666666667,0.795666666666667,0.795666666666667,0.795666666666667,0.795666666666667,0.795666666666667,0.795666666666667,0.795666666666667,0.795666666666667,0.795666666666667,0.795666666666667,0.795666666666667,0.795666666666667,0.795666666666667,0.795666666666667,0.48,0.56,0.6,0.62,0.68,0.72,0.72,0.76,0.74,0.74,0.78,0.8,0.82,0.84,0.86,0.88,0.9,0.94,0.94,0.96,0.98,1.0,1.0,1.0,1.0,1.0,1.0,1.0,1.0,1.0,1.0,1.0,1.0,1.0,1.0,1.0,1.0,1.0,1.0,1.0,1.0,1.0,1.0,1.0,1.0,1.0,1.0,1.0,1.0,1.0,1.0
25,0.4242424242424244,0.4515151515151516,0.4550865800865802,0.48425324675324694,0.4884199134199135,0.5025974025974027,0.5044913419913422,0.5279761904761906,0.5430465367965369,0.5784902597402598,0.5982142857142857,0.6101190476190477,0.6139069264069265,0.622835497835498,0.6421536796536796,0.6453463203463203,0.6436147186147186,0.6481601731601733,0.6481601731601733,0.6481601731601733,0.6481601731601733,0.6481601731601733,0.6481601731601733,0.6481601731601733,0.6481601731601733,0.6481601731601733,0.6481601731601733,0.6481601731601733,0.6481601731601733,0.6481601731601733,0.6481601731601733,0.6481601731601733,0.6481601731601733,0.6481601731601733,0.6481601731601733,0.6481601731601733,0.6481601731601733,0.6481601731601733,0.6481601731601733,0.6481601731601733,0.6481601731601733,0.6481601731601733,0.6481601731601733,0.6481601731601733,0.6481601731601733,0.6481601731601733,0.6481601731601733,0.6481601731601733,0.6481601731601733,0.6481601731601733,0.6481601731601733,0.5681818181818182,0.6363636363636364,0.6136363636363636,0.6590909090909091,0.6818181818181818,0.7272727272727273,0.75,0.7954545454545454,0.8181818181818182,0.8636363636363636,0.9090909090909091,0.9090909090909091,0.9545454545454546,0.9545454545454546,0.9772727272727273,0.9772727272727273,0.9772727272727273,1.0,1.0,1.0,1.0,1.0,1.0,1.0,1.0,1.0,1.0,1.0,1.0,1.0,1.0,1.0,1.0,1.0,1.0,1.0,1.0,1.0,1.0,1.0,1.0,1.0,1.0,1.0,1.0,1.0,1.0,1.0,1.0,1.0,1.0
26,0.37757475083056485,0.42137320044296783,0.4650055370985603,0.4746954595791804,0.47613510520487257,0.4652823920265781,0.49817275747508305,0.5194905869324473,0.5287929125138426,0.5533222591362126,0.5596345514950165,0.5980897009966776,0.6140919158361019,0.6197951273532669,0.6441029900332227,0.6526301218161684,0.6801495016611298,0.6968992248062017,0.7259689922480621,0.7259689922480621,0.7259689922480621,0.7259689922480621,0.7259689922480621,0.7259689922480621,0.7259689922480621,0.7259689922480621,0.7259689922480621,0.7259689922480621,0.7259689922480621,0.7259689922480621,0.7259689922480621,0.7259689922480621,0.7259689922480621,0.7259689922480621,0.7259689922480621,0.7259689922480621,0.7259689922480621,0.7259689922480621,0.7259689922480621,0.7259689922480621,0.7259689922480621,0.7259689922480621,0.7259689922480621,0.7259689922480621,0.7259689922480621,0.7259689922480621,0.7259689922480621,0.7259689922480621,0.7259689922480621,0.7259689922480621,0.7259689922480621,0.5581395348837209,0.5813953488372093,0.6511627906976745,0.6976744186046512,0.7209302325581395,0.7441860465116279,0.7674418604651163,0.7906976744186046,0.813953488372093,0.8372093023255814,0.8372093023255814,0.8604651162790697,0.8837209302325582,0.9069767441860465,0.9302325581395349,0.9534883720930233,0.9534883720930233,0.9767441860465116,1.0,1.0,1.0,1.0,1.0,1.0,1.0,1.0,1.0,1.0,1.0,1.0,1.0,1.0,1.0,1.0,1.0,1.0,1.0,1.0,1.0,1.0,1.0,1.0,1.0,1.0,1.0,1.0,1.0,1.0,1.0,1.0,1.0
27,0.43968253968253956,0.45579365079365064,0.477142857142857,0.4875132275132274,0.5085185185185186,0.5252910052910054,0.5503703703703704,0.5712169312169313,0.5966666666666668,0.6266666666666668,0.6333333333333335,0.6632804232804232,0.6847619047619048,0.7096296296296297,0.7335449735449736,0.7450793650793653,0.758994708994709,0.777142857142857,0.777142857142857,0.777142857142857,0.777142857142857,0.777142857142857,0.777142857142857,0.777142857142857,0.777142857142857,0.777142857142857,0.777142857142857,0.777142857142857,0.777142857142857,0.777142857142857,0.777142857142857,0.777142857142857,0.777142857142857,0.777142857142857,0.777142857142857,0.777142857142857,0.777142857142857,0.777142857142857,0.777142857142857,0.777142857142857,0.777142857142857,0.777142857142857,0.777142857142857,0.777142857142857,0.777142857142857,0.777142857142857,0.777142857142857,0.777142857142857,0.777142857142857,0.777142857142857,0.777142857142857,0.5777777777777777,0.6222222222222222,0.6444444444444445,0.6666666666666666,0.7111111111111111,0.7777777777777778,0.8,0.8222222222222222,0.8444444444444444,0.8666666666666667,0.8888888888888888,0.8666666666666667,0.8888888888888888,0.9111111111111111,0.9333333333333333,0.9555555555555556,0.9777777777777777,1.0,1.0,1.0,1.0,1.0,1.0,1.0,1.0,1.0,1.0,1.0,1.0,1.0,1.0,1.0,1.0,1.0,1.0,1.0,1.0,1.0,1.0,1.0,1.0,1.0,1.0,1.0,1.0,1.0,1.0,1.0,1.0,1.0,1.0
28,0.512907268170426,0.5317669172932331,0.5488721804511278,0.5743107769423559,0.6076441102756892,0.6221177944862156,0.6318922305764412,0.6578947368421053,0.6632832080200501,0.6766917293233083,0.6972431077694236,0.7042606516290728,0.7042606516290728,0.7042606516290728,0.7042606516290728,0.7042606516290728,0.7042606516290728,0.7042606516290728,0.7042606516290728,0.7042606516290728,0.7042606516290728,0.7042606516290728,0.7042606516290728,0.7042606516290728,0.7042606516290728,0.7042606516290728,0.7042606516290728,0.7042606516290728,0.7042606516290728,0.7042606516290728,0.7042606516290728,0.7042606516290728,0.7042606516290728,0.7042606516290728,0.7042606516290728,0.7042606516290728,0.7042606516290728,0.7042606516290728,0.7042606516290728,0.7042606516290728,0.7042606516290728,0.7042606516290728,0.7042606516290728,0.7042606516290728,0.7042606516290728,0.7042606516290728,0.7042606516290728,0.7042606516290728,0.7042606516290728,0.7042606516290728,0.7042606516290728,0.7631578947368421,0.7894736842105263,0.7894736842105263,0.8157894736842105,0.8421052631578947,0.868421052631579,0.8947368421052632,0.9210526315789473,0.9210526315789473,0.9473684210526315,0.9736842105263158,1.0,1.0,1.0,1.0,1.0,1.0,1.0,1.0,1.0,1.0,1.0,1.0,1.0,1.0,1.0,1.0,1.0,1.0,1.0,1.0,1.0,1.0,1.0,1.0,1.0,1.0,1.0,1.0,1.0,1.0,1.0,1.0,1.0,1.0,1.0,1.0,1.0,1.0,1.0,1.0
29,0.4729729729729731,0.4797297297297297,0.49369369369369376,0.5094594594594594,0.559009009009009,0.5658944658944659,0.5924710424710424,0.6127413127413126,0.6218790218790218,0.6407335907335906,0.6673101673101673,0.6808236808236808,0.6763191763191763,0.6943371943371943,0.7110682110682109,0.7110682110682109,0.7110682110682109,0.7110682110682109,0.7110682110682109,0.7110682110682109,0.7110682110682109,0.7110682110682109,0.7110682110682109,0.7110682110682109,0.7110682110682109,0.7110682110682109,0.7110682110682109,0.7110682110682109,0.7110682110682109,0.7110682110682109,0.7110682110682109,0.7110682110682109,0.7110682110682109,0.7110682110682109,0.7110682110682109,0.7110682110682109,0.7110682110682109,0.7110682110682109,0.7110682110682109,0.7110682110682109,0.7110682110682109,0.7110682110682109,0.7110682110682109,0.7110682110682109,0.7110682110682109,0.7110682110682109,0.7110682110682109,0.7110682110682109,0.7110682110682109,0.7110682110682109,0.7110682110682109,0.6756756756756757,0.7027027027027027,0.7297297297297297,0.7567567567567568,0.7837837837837838,0.7837837837837838,0.8108108108108109,0.8648648648648649,0.8648648648648649,0.8648648648648649,0.8918918918918919,0.918918918918919,0.9459459459459459,0.972972972972973,1.0,1.0,1.0,1.0,1.0,1.0,1.0,1.0,1.0,1.0,1.0,1.0,1.0,1.0,1.0,1.0,1.0,1.0,1.0,1.0,1.0,1.0,1.0,1.0,1.0,1.0,1.0,1.0,1.0,1.0,1.0,1.0,1.0,1.0,1.0,1.0,1.0
30,0.5454081632653061,0.5564058956916099,0.5880952380952381,0.6138888888888888,0.6158730158730158,0.6503968253968254,0.6702380952380953,0.6829365079365081,0.7007936507936509,0.713888888888889,0.7365079365079366,0.7365079365079366,0.7365079365079366,0.7365079365079366,0.7365079365079366,0.7365079365079366,0.7365079365079366,0.7365079365079366,0.7365079365079366,0.7365079365079366,0.7365079365079366,0.7365079365079366,0.7365079365079366,0.7365079365079366,0.7365079365079366,0.7365079365079366,0.7365079365079366,0.7365079365079366,0.7365079365079366,0.7365079365079366,0.7365079365079366,0.7365079365079366,0.7365079365079366,0.7365079365079366,0.7365079365079366,0.7365079365079366,0.7365079365079366,0.7365079365079366,0.7365079365079366,0.7365079365079366,0.7365079365079366,0.7365079365079366,0.7365079365079366,0.7365079365079366,0.7365079365079366,0.7365079365079366,0.7365079365079366,0.7365079365079366,0.7365079365079366,0.7365079365079366,0.7365079365079366,0.7380952380952381,0.7857142857142857,0.8095238095238095,0.8333333333333334,0.8571428571428571,0.8809523809523809,0.9047619047619048,0.9285714285714286,0.9523809523809523,0.9761904761904762,1.0,1.0,1.0,1.0,1.0,1.0,1.0,1.0,1.0,1.0,1.0,1.0,1.0,1.0,1.0,1.0,1.0,1.0,1.0,1.0,1.0,1.0,1.0,1.0,1.0,1.0,1.0,1.0,1.0,1.0,1.0,1.0,1.0,1.0,1.0,1.0,1.0,1.0,1.0,1.0,1.0
31,0.40550941306755256,0.4229512735326688,0.44620708748615723,0.4680509413067553,0.49634551495016616,0.5224806201550388,0.5380952380952382,0.5581395348837211,0.5574750830564785,0.5807308970099668,0.596622369878184,0.6046511627906979,0.618217054263566,0.6303156146179404,0.6477574750830566,0.6698504983388706,0.6779900332225914,0.7035714285714286,0.71578073089701,0.731672203765227,0.7460132890365451,0.7688815060908086,0.7688815060908086,0.7688815060908086,0.7688815060908086,0.7688815060908086,0.7688815060908086,0.7688815060908086,0.7688815060908086,0.7688815060908086,0.7688815060908086,0.7688815060908086,0.7688815060908086,0.7688815060908086,0.7688815060908086,0.7688815060908086,0.7688815060908086,0.7688815060908086,0.7688815060908086,0.7688815060908086,0.7688815060908086,0.7688815060908086,0.7688815060908086,0.7688815060908086,0.7688815060908086,0.7688815060908086,0.7688815060908086,0.7688815060908086,0.7688815060908086,0.7688815060908086,0.7688815060908086,0.6046511627906976,0.6511627906976745,0.6744186046511628,0.6511627906976745,0.6744186046511628,0.7441860465116279,0.7674418604651163,0.813953488372093,0.8372093023255814,0.8372093023255814,0.8372093023255814,0.8372093023255814,0.8372093023255814,0.8372093023255814,0.8604651162790697,0.8837209302325582,0.9069767441860465,0.9069767441860465,0.9302325581395349,0.9534883720930233,0.9767441860465116,1.0,1.0,1.0,1.0,1.0,1.0,1.0,1.0,1.0,1.0,1.0,1.0,1.0,1.0,1.0,1.0,1.0,1.0,1.0,1.0,1.0,1.0,1.0,1.0,1.0,1.0,1.0,1.0,1.0,1.0
32,0.4995833333333334,0.5050000000000001,0.5230357142857143,0.542202380952381,0.5696428571428571,0.5817261904761903,0.604642857142857,0.6157738095238094,0.6213095238095236,0.6379761904761905,0.6588690476190476,0.6858333333333333,0.6858333333333333,0.6858333333333333,0.6858333333333333,0.6858333333333333,0.6858333333333333,0.6858333333333333,0.6858333333333333,0.6858333333333333,0.6858333333333333,0.6858333333333333,0.6858333333333333,0.6858333333333333,0.6858333333333333,0.6858333333333333,0.6858333333333333,0.6858333333333333,0.6858333333333333,0.6858333333333333,0.6858333333333333,0.6858333333333333,0.6858333333333333,0.6858333333333333,0.6858333333333333,0.6858333333333333,0.6858333333333333,0.6858333333333333,0.6858333333333333,0.6858333333333333,0.6858333333333333,0.6858333333333333,0.6858333333333333,0.6858333333333333,0.6858333333333333,0.6858333333333333,0.6858333333333333,0.6858333333333333,0.6858333333333333,0.6858333333333333,0.6858333333333333,0.7,0.725,0.725,0.75,0.85,0.875,0.9,0.95,0.975,0.975,0.95,1.0,1.0,1.0,1.0,1.0,1.0,1.0,1.0,1.0,1.0,1.0,1.0,1.0,1.0,1.0,1.0,1.0,1.0,1.0,1.0,1.0,1.0,1.0,1.0,1.0,1.0,1.0,1.0,1.0,1.0,1.0,1.0,1.0,1.0,1.0,1.0,1.0,1.0,1.0,1.0
33,0.5507034632034631,0.580573593073593,0.5977813852813852,0.6414502164502165,0.648917748917749,0.6617424242424242,0.6837121212121212,0.6992424242424242,0.7219696969696969,0.7347402597402598,0.7620129870129869,0.7620129870129869,0.7620129870129869,0.7620129870129869,0.7620129870129869,0.7620129870129869,0.7620129870129869,0.7620129870129869,0.7620129870129869,0.7620129870129869,0.7620129870129869,0.7620129870129869,0.7620129870129869,0.7620129870129869,0.7620129870129869,0.7620129870129869,0.7620129870129869,0.7620129870129869,0.7620129870129869,0.7620129870129869,0.7620129870129869,0.7620129870129869,0.7620129870129869,0.7620129870129869,0.7620129870129869,0.7620129870129869,0.7620129870129869,0.7620129870129869,0.7620129870129869,0.7620129870129869,0.7620129870129869,0.7620129870129869,0.7620129870129869,0.7620129870129869,0.7620129870129869,0.7620129870129869,0.7620129870129869,0.7620129870129869,0.7620129870129869,0.7620129870129869,0.7620129870129869,0.7272727272727273,0.8181818181818182,0.7954545454545454,0.8181818181818182,0.8636363636363636,0.8863636363636364,0.9090909090909091,0.9318181818181818,0.9545454545454546,0.9772727272727273,1.0,1.0,1.0,1.0,1.0,1.0,1.0,1.0,1.0,1.0,1.0,1.0,1.0,1.0,1.0,1.0,1.0,1.0,1.0,1.0,1.0,1.0,1.0,1.0,1.0,1.0,1.0,1.0,1.0,1.0,1.0,1.0,1.0,1.0,1.0,1.0,1.0,1.0,1.0,1.0,1.0
34,0.4491071428571427,0.46855158730158714,0.48764880952380946,0.49880952380952387,0.5182539682539683,0.5414434523809525,0.5613343253968256,0.5752232142857144,0.5832093253968255,0.5925347222222223,0.6146577380952382,0.6423363095238097,0.6576140873015874,0.6707341269841272,0.6908234126984129,0.6956349206349208,0.6956349206349208,0.6956349206349208,0.6956349206349208,0.6956349206349208,0.6956349206349208,0.6956349206349208,0.6956349206349208,0.6956349206349208,0.6956349206349208,0.6956349206349208,0.6956349206349208,0.6956349206349208,0.6956349206349208,0.6956349206349208,0.6956349206349208,0.6956349206349208,0.6956349206349208,0.6956349206349208,0.6956349206349208,0.6956349206349208,0.6956349206349208,0.6956349206349208,0.6956349206349208,0.6956349206349208,0.6956349206349208,0.6956349206349208,0.6956349206349208,0.6956349206349208,0.6956349206349208,0.6956349206349208,0.6956349206349208,0.6956349206349208,0.6956349206349208,0.6956349206349208,0.6956349206349208,0.6666666666666666,0.7083333333333334,0.7083333333333334,0.7708333333333334,0.7916666666666666,0.8125,0.8541666666666666,0.875,0.8958333333333334,0.8958333333333334,0.9166666666666666,0.9375,0.9583333333333334,0.9583333333333334,0.9791666666666666,1.0,1.0,1.0,1.0,1.0,1.0,1.0,1.0,1.0,1.0,1.0,1.0,1.0,1.0,1.0,1.0,1.0,1.0,1.0,1.0,1.0,1.0,1.0,1.0,1.0,1.0,1.0,1.0,1.0,1.0,1.0,1.0,1.0,1.0,1.0,1.0
35,0.5350155279503107,0.5549430641821947,0.5736024844720499,0.5917184265010353,0.6025621118012423,0.6143633540372672,0.6427018633540371,0.6605072463768115,0.6629399585921326,0.6789337474120084,0.715527950310559,0.7360766045548656,0.7615424430641823,0.7615424430641823,0.7615424430641823,0.7615424430641823,0.7615424430641823,0.7615424430641823,0.7615424430641823,0.7615424430641823,0.7615424430641823,0.7615424430641823,0.7615424430641823,0.7615424430641823,0.7615424430641823,0.7615424430641823,0.7615424430641823,0.7615424430641823,0.7615424430641823,0.7615424430641823,0.7615424430641823,0.7615424430641823,0.7615424430641823,0.7615424430641823,0.7615424430641823,0.7615424430641823,0.7615424430641823,0.7615424430641823,0.7615424430641823,0.7615424430641823,0.7615424430641823,0.7615424430641823,0.7615424430641823,0.7615424430641823,0.7615424430641823,0.7615424430641823,0.7615424430641823,0.7615424430641823,0.7615424430641823,0.7615424430641823,0.7615424430641823,0.7391304347826086,0.7608695652173914,0.782608695652174,0.8260869565217391,0.8695652173913043,0.8913043478260869,0.9130434782608695,0.9130434782608695,0.9347826086956522,0.9565217391304348,0.9782608695652174,0.9782608695652174,1.0,1.0,1.0,1.0,1.0,1.0,1.0,1.0,1.0,1.0,1.0,1.0,1.0,1.0,1.0,1.0,1.0,1.0,1.0,1.0,1.0,1.0,1.0,1.0,1.0,1.0,1.0,1.0,1.0,1.0,1.0,1.0,1.0,1.0,1.0,1.0,1.0,1.0,1.0
36,0.5192307692307692,0.5376068376068376,0.5555555555555555,0.5559218559218558,0.5806471306471305,0.5957264957264956,0.6128205128205126,0.64017094017094,0.6397435897435897,0.638034188034188,0.688888888888889,0.7196581196581199,0.7351648351648354,0.7351648351648354,0.7351648351648354,0.7351648351648354,0.7351648351648354,0.7351648351648354,0.7351648351648354,0.7351648351648354,0.7351648351648354,0.7351648351648354,0.7351648351648354,0.7351648351648354,0.7351648351648354,0.7351648351648354,0.7351648351648354,0.7351648351648354,0.7351648351648354,0.7351648351648354,0.7351648351648354,0.7351648351648354,0.7351648351648354,0.7351648351648354,0.7351648351648354,0.7351648351648354,0.7351648351648354,0.7351648351648354,0.7351648351648354,0.7351648351648354,0.7351648351648354,0.7351648351648354,0.7351648351648354,0.7351648351648354,0.7351648351648354,0.7351648351648354,0.7351648351648354,0.7351648351648354,0.7351648351648354,0.7351648351648354,0.7351648351648354,0.6666666666666666,0.717948717948718,0.7435897435897436,0.7948717948717948,0.7692307692307693,0.8205128205128205,0.8461538461538461,0.8717948717948718,0.8974358974358975,0.9230769230769231,0.9487179487179487,0.9743589743589743,1.0,1.0,1.0,1.0,1.0,1.0,1.0,1.0,1.0,1.0,1.0,1.0,1.0,1.0,1.0,1.0,1.0,1.0,1.0,1.0,1.0,1.0,1.0,1.0,1.0,1.0,1.0,1.0,1.0,1.0,1.0,1.0,1.0,1.0,1.0,1.0,1.0,1.0,1.0
37,0.531607142857143,0.5499404761904763,0.5641666666666667,0.5750000000000001,0.6162500000000002,0.6250000000000002,0.6108333333333336,0.65375,0.6706547619047619,0.6956547619047619,0.7195238095238096,0.7297619047619048,0.7505952380952381,0.7505952380952381,0.7505952380952381,0.7505952380952381,0.7505952380952381,0.7505952380952381,0.7505952380952381,0.7505952380952381,0.7505952380952381,0.7505952380952381,0.7505952380952381,0.7505952380952381,0.7505952380952381,0.7505952380952381,0.7505952380952381,0.7505952380952381,0.7505952380952381,0.7505952380952381,0.7505952380952381,0.7505952380952381,0.7505952380952381,0.7505952380952381,0.7505952380952381,0.7505952380952381,0.7505952380952381,0.7505952380952381,0.7505952380952381,0.7505952380952381,0.7505952380952381,0.7505952380952381,0.7505952380952381,0.7505952380952381,0.7505952380952381,0.7505952380952381,0.7505952380952381,0.7505952380952381,0.7505952380952381,0.7505952380952381,0.7505952380952381,0.725,0.775,0.8,0.825,0.85,0.875,0.9,0.925,0.95,0.95,0.95,0.975,1.0,1.0,1.0,1.0,1.0,1.0,1.0,1.0,1.0,1.0,1.0,1.0,1.0,1.0,1.0,1.0,1.0,1.0,1.0,1.0,1.0,1.0,1.0,1.0,1.0,1.0,1.0,1.0,1.0,1.0,1.0,1.0,1.0,1.0,1.0,1.0,1.0,1.0,1.0
38,0.4942028985507246,0.5232919254658386,0.543944099378882,0.5732919254658385,0.5892339544513459,0.6176501035196689,0.6334886128364391,0.654865424430642,0.6785714285714287,0.6926501035196688,0.6966356107660457,0.709472049689441,0.7265527950310561,0.757324016563147,0.7758022774327124,0.7860248447204969,0.8186335403726709,0.8186335403726709,0.8186335403726709,0.8186335403726709,0.8186335403726709,0.8186335403726709,0.8186335403726709,0.8186335403726709,0.8186335403726709,0.8186335403726709,0.8186335403726709,0.8186335403726709,0.8186335403726709,0.8186335403726709,0.8186335403726709,0.8186335403726709,0.8186335403726709,0.8186335403726709,0.8186335403726709,0.8186335403726709,0.8186335403726709,0.8186335403726709,0.8186335403726709,0.8186335403726709,0.8186335403726709,0.8186335403726709,0.8186335403726709,0.8186335403726709,0.8186335403726709,0.8186335403726709,0.8186335403726709,0.8186335403726709,0.8186335403726709,0.8186335403726709,0.8186335403726709,0.6521739130434783,0.6956521739130435,0.7391304347826086,0.7608695652173914,0.782608695652174,0.8043478260869565,0.8043478260869565,0.8260869565217391,0.8478260869565217,0.8695652173913043,0.8695652173913043,0.8913043478260869,0.9130434782608695,0.9347826086956522,0.9565217391304348,0.9782608695652174,1.0,1.0,1.0,1.0,1.0,1.0,1.0,1.0,1.0,1.0,1.0,1.0,1.0,1.0,1.0,1.0,1.0,1.0,1.0,1.0,1.0,1.0,1.0,1.0,1.0,1.0,1.0,1.0,1.0,1.0,1.0,1.0,1.0,1.0,1.0
39,0.5257369614512472,0.5527210884353743,0.5721655328798188,0.5920068027210886,0.6146258503401363,0.6307823129251704,0.640873015873016,0.6565192743764173,0.6495748299319729,0.6687358276643993,0.6965702947845807,0.7102324263038551,0.7236111111111113,0.7516439909297054,0.763463718820862,0.763463718820862,0.763463718820862,0.763463718820862,0.763463718820862,0.763463718820862,0.763463718820862,0.763463718820862,0.763463718820862,0.763463718820862,0.763463718820862,0.763463718820862,0.763463718820862,0.763463718820862,0.763463718820862,0.763463718820862,0.763463718820862,0.763463718820862,0.763463718820862,0.763463718820862,0.763463718820862,0.763463718820862,0.763463718820862,0.763463718820862,0.763463718820862,0.763463718820862,0.763463718820862,0.763463718820862,0.763463718820862,0.763463718820862,0.763463718820862,0.763463718820862,0.763463718820862,0.763463718820862,0.763463718820862,0.763463718820862,0.763463718820862,0.7142857142857143,0.7857142857142857,0.8095238095238095,0.8095238095238095,0.8333333333333334,0.8809523809523809,0.9047619047619048,0.9047619047619048,0.9047619047619048,0.9285714285714286,0.9285714285714286,0.9523809523809523,0.9523809523809523,0.9761904761904762,1.0,1.0,1.0,1.0,1.0,1.0,1.0,1.0,1.0,1.0,1.0,1.0,1.0,1.0,1.0,1.0,1.0,1.0,1.0,1.0,1.0,1.0,1.0,1.0,1.0,1.0,1.0,1.0,1.0,1.0,1.0,1.0,1.0,1.0,1.0,1.0,1.0
40,0.5831709956709955,0.5902597402597402,0.6011363636363636,0.6124999999999999,0.6242424242424243,0.649621212121212,0.6636363636363637,0.6719696969696971,0.6852272727272727,0.6991883116883116,0.6996212121212121,0.7220238095238096,0.732115800865801,0.7728625541125542,0.7728625541125542,0.7728625541125542,0.7728625541125542,0.7728625541125542,0.7728625541125542,0.7728625541125542,0.7728625541125542,0.7728625541125542,0.7728625541125542,0.7728625541125542,0.7728625541125542,0.7728625541125542,0.7728625541125542,0.7728625541125542,0.7728625541125542,0.7728625541125542,0.7728625541125542,0.7728625541125542,0.7728625541125542,0.7728625541125542,0.7728625541125542,0.7728625541125542,0.7728625541125542,0.7728625541125542,0.7728625541125542,0.7728625541125542,0.7728625541125542,0.7728625541125542,0.7728625541125542,0.7728625541125542,0.7728625541125542,0.7728625541125542,0.7728625541125542,0.7728625541125542,0.7728625541125542,0.7728625541125542,0.7728625541125542,0.7954545454545454,0.8181818181818182,0.8636363636363636,0.8863636363636364,0.9090909090909091,0.9318181818181818,0.9545454545454546,0.9545454545454546,0.9545454545454546,0.9772727272727273,0.9318181818181818,0.9545454545454546,0.9772727272727273,1.0,1.0,1.0,1.0,1.0,1.0,1.0,1.0,1.0,1.0,1.0,1.0,1.0,1.0,1.0,1.0,1.0,1.0,1.0,1.0,1.0,1.0,1.0,1.0,1.0,1.0,1.0,1.0,1.0,1.0,1.0,1.0,1.0,1.0,1.0,1.0,1.0,1.0
41,0.5914529914529915,0.5991452991452991,0.6047008547008548,0.6367521367521367,0.65,0.6731990231990232,0.7133699633699634,0.7205128205128206,0.7354700854700856,0.7465201465201466,0.7586691086691086,0.7847985347985349,0.7847985347985349,0.7847985347985349,0.7847985347985349,0.7847985347985349,0.7847985347985349,0.7847985347985349,0.7847985347985349,0.7847985347985349,0.7847985347985349,0.7847985347985349,0.7847985347985349,0.7847985347985349,0.7847985347985349,0.7847985347985349,0.7847985347985349,0.7847985347985349,0.7847985347985349,0.7847985347985349,0.7847985347985349,0.7847985347985349,0.7847985347985349,0.7847985347985349,0.7847985347985349,0.7847985347985349,0.7847985347985349,0.7847985347985349,0.7847985347985349,0.7847985347985349,0.7847985347985349,0.7847985347985349,0.7847985347985349,0.7847985347985349,0.7847985347985349,0.7847985347985349,0.7847985347985349,0.7847985347985349,0.7847985347985349,0.7847985347985349,0.7847985347985349,0.717948717948718,0.7435897435897436,0.7692307692307693,0.7948717948717948,0.8205128205128205,0.8461538461538461,0.9230769230769231,0.9487179487179487,0.9487179487179487,0.9487179487179487,0.9743589743589743,1.0,1.0,1.0,1.0,1.0,1.0,1.0,1.0,1.0,1.0,1.0,1.0,1.0,1.0,1.0,1.0,1.0,1.0,1.0,1.0,1.0,1.0,1.0,1.0,1.0,1.0,1.0,1.0,1.0,1.0,1.0,1.0,1.0,1.0,1.0,1.0,1.0,1.0,1.0,1.0
42,0.5193722943722944,0.55487012987013,0.5700216450216451,0.5802489177489178,0.6014610389610391,0.6195887445887448,0.6469967532467534,0.6621482683982686,0.6712121212121214,0.6776515151515153,0.6959415584415586,0.713365800865801,0.7413961038961041,0.7492965367965371,0.7623917748917751,0.7623917748917751,0.7623917748917751,0.7623917748917751,0.7623917748917751,0.7623917748917751,0.7623917748917751,0.7623917748917751,0.7623917748917751,0.7623917748917751,0.7623917748917751,0.7623917748917751,0.7623917748917751,0.7623917748917751,0.7623917748917751,0.7623917748917751,0.7623917748917751,0.7623917748917751,0.7623917748917751,0.7623917748917751,0.7623917748917751,0.7623917748917751,0.7623917748917751,0.7623917748917751,0.7623917748917751,0.7623917748917751,0.7623917748917751,0.7623917748917751,0.7623917748917751,0.7623917748917751,0.7623917748917751,0.7623917748917751,0.7623917748917751,0.7623917748917751,0.7623917748917751,0.7623917748917751,0.7623917748917751,0.6363636363636364,0.6818181818181818,0.7045454545454546,0.7272727272727273,0.7727272727272727,0.7954545454545454,0.8181818181818182,0.8409090909090909,0.8636363636363636,0.9090909090909091,0.9318181818181818,0.9545454545454546,0.9545454545454546,0.9772727272727273,1.0,1.0,1.0,1.0,1.0,1.0,1.0,1.0,1.0,1.0,1.0,1.0,1.0,1.0,1.0,1.0,1.0,1.0,1.0,1.0,1.0,1.0,1.0,1.0,1.0,1.0,1.0,1.0,1.0,1.0,1.0,1.0,1.0,1.0,1.0,1.0,1.0
43,0.5303921568627452,0.5470588235294119,0.5666666666666669,0.611764705882353,0.6441176470588236,0.6671568627450979,0.6656862745098038,0.6901960784313725,0.7298319327731091,0.7448879551820727,0.7448879551820727,0.7448879551820727,0.7448879551820727,0.7448879551820727,0.7448879551820727,0.7448879551820727,0.7448879551820727,0.7448879551820727,0.7448879551820727,0.7448879551820727,0.7448879551820727,0.7448879551820727,0.7448879551820727,0.7448879551820727,0.7448879551820727,0.7448879551820727,0.7448879551820727,0.7448879551820727,0.7448879551820727,0.7448879551820727,0.7448879551820727,0.7448879551820727,0.7448879551820727,0.7448879551820727,0.7448879551820727,0.7448879551820727,0.7448879551820727,0.7448879551820727,0.7448879551820727,0.7448879551820727,0.7448879551820727,0.7448879551820727,0.7448879551820727,0.7448879551820727,0.7448879551820727,0.7448879551820727,0.7448879551820727,0.7448879551820727,0.7448879551820727,0.7448879551820727,0.7448879551820727,0.7058823529411765,0.7647058823529411,0.7941176470588235,0.8529411764705882,0.8823529411764706,0.8823529411764706,0.9117647058823529,0.9411764705882353,0.9705882352941176,1.0,1.0,1.0,1.0,1.0,1.0,1.0,1.0,1.0,1.0,1.0,1.0,1.0,1.0,1.0,1.0,1.0,1.0,1.0,1.0,1.0,1.0,1.0,1.0,1.0,1.0,1.0,1.0,1.0,1.0,1.0,1.0,1.0,1.0,1.0,1.0,1.0,1.0,1.0,1.0,1.0,1.0
44,0.5032467532467532,0.513095238095238,0.5304653679653678,0.520616883116883,0.5386904761904762,0.5557359307359307,0.5697510822510822,0.5894480519480519,0.5974025974025974,0.6375541125541125,0.6517316017316017,0.6720238095238096,0.6945346320346322,0.7081168831168833,0.715800865800866,0.7366341991341994,0.7366341991341994,0.7366341991341994,0.7366341991341994,0.7366341991341994,0.7366341991341994,0.7366341991341994,0.7366341991341994,0.7366341991341994,0.7366341991341994,0.7366341991341994,0.7366341991341994,0.7366341991341994,0.7366341991341994,0.7366341991341994,0.7366341991341994,0.7366341991341994,0.7366341991341994,0.7366341991341994,0.7366341991341994,0.7366341991341994,0.7366341991341994,0.7366341991341994,0.7366341991341994,0.7366341991341994,0.7366341991341994,0.7366341991341994,0.7366341991341994,0.7366341991341994,0.7366341991341994,0.7366341991341994,0.7366341991341994,0.7366341991341994,0.7366341991341994,0.7366341991341994,0.7366341991341994,0.5909090909090909,0.6136363636363636,0.6363636363636364,0.6590909090909091,0.7045454545454546,0.75,0.7727272727272727,0.8181818181818182,0.8409090909090909,0.8636363636363636,0.8863636363636364,0.9090909090909091,0.9318181818181818,0.9545454545454546,0.9772727272727273,1.0,1.0,1.0,1.0,1.0,1.0,1.0,1.0,1.0,1.0,1.0,1.0,1.0,1.0,1.0,1.0,1.0,1.0,1.0,1.0,1.0,1.0,1.0,1.0,1.0,1.0,1.0,1.0,1.0,1.0,1.0,1.0,1.0,1.0,1.0,1.0
45,0.5789601554907677,0.5916180758017493,0.606754130223518,0.6189504373177843,0.6448007774538387,0.6626093294460641,0.6845966958211857,0.6993926141885326,0.7095481049562684,0.7192419825072888,0.7257045675413024,0.740524781341108,0.7552478134110789,0.7850097181729835,0.7921768707482992,0.7921768707482992,0.7921768707482992,0.7921768707482992,0.7921768707482992,0.7921768707482992,0.7921768707482992,0.7921768707482992,0.7921768707482992,0.7921768707482992,0.7921768707482992,0.7921768707482992,0.7921768707482992,0.7921768707482992,0.7921768707482992,0.7921768707482992,0.7921768707482992,0.7921768707482992,0.7921768707482992,0.7921768707482992,0.7921768707482992,0.7921768707482992,0.7921768707482992,0.7921768707482992,0.7921768707482992,0.7921768707482992,0.7921768707482992,0.7921768707482992,0.7921768707482992,0.7921768707482992,0.7921768707482992,0.7921768707482992,0.7921768707482992,0.7921768707482992,0.7921768707482992,0.7921768707482992,0.7921768707482992,0.8163265306122449,0.8163265306122449,0.8571428571428571,0.8571428571428571,0.8775510204081632,0.8979591836734694,0.8979591836734694,0.8979591836734694,0.9387755102040817,0.9795918367346939,0.9591836734693877,0.9591836734693877,0.9795918367346939,0.9795918367346939,1.0,1.0,1.0,1.0,1.0,1.0,1.0,1.0,1.0,1.0,1.0,1.0,1.0,1.0,1.0,1.0,1.0,1.0,1.0,1.0,1.0,1.0,1.0,1.0,1.0,1.0,1.0,1.0,1.0,1.0,1.0,1.0,1.0,1.0,1.0,1.0,1.0
46,0.54968671679198,0.573809523809524,0.5887218045112782,0.605827067669173,0.6233709273182959,0.6492481203007521,0.6802631578947369,0.6925438596491229,0.7201754385964914,0.7201754385964914,0.7201754385964914,0.7201754385964914,0.7201754385964914,0.7201754385964914,0.7201754385964914,0.7201754385964914,0.7201754385964914,0.7201754385964914,0.7201754385964914,0.7201754385964914,0.7201754385964914,0.7201754385964914,0.7201754385964914,0.7201754385964914,0.7201754385964914,0.7201754385964914,0.7201754385964914,0.7201754385964914,0.7201754385964914,0.7201754385964914,0.7201754385964914,0.7201754385964914,0.7201754385964914,0.7201754385964914,0.7201754385964914,0.7201754385964914,0.7201754385964914,0.7201754385964914,0.7201754385964914,0.7201754385964914,0.7201754385964914,0.7201754385964914,0.7201754385964914,0.7201754385964914,0.7201754385964914,0.7201754385964914,0.7201754385964914,0.7201754385964914,0.7201754385964914,0.7201754385964914,0.7201754385964914,0.7894736842105263,0.8157894736842105,0.8421052631578947,0.868421052631579,0.8947368421052632,0.9210526315789473,0.9210526315789473,0.9736842105263158,1.0,1.0,1.0,1.0,1.0,1.0,1.0,1.0,1.0,1.0,1.0,1.0,1.0,1.0,1.0,1.0,1.0,1.0,1.0,1.0,1.0,1.0,1.0,1.0,1.0,1.0,1.0,1.0,1.0,1.0,1.0,1.0,1.0,1.0,1.0,1.0,1.0,1.0,1.0,1.0,1.0,1.0,1.0
47,0.33585858585858586,0.3646464646464647,0.3722222222222223,0.4095959595959596,0.4297979797979798,0.4803030303030304,0.5131313131313131,0.5611111111111111,0.5863636363636363,0.6242424242424242,0.6444444444444444,0.6444444444444444,0.6444444444444444,0.6444444444444444,0.6444444444444444,0.6444444444444444,0.6444444444444444,0.6444444444444444,0.6444444444444444,0.6444444444444444,0.6444444444444444,0.6444444444444444,0.6444444444444444,0.6444444444444444,0.6444444444444444,0.6444444444444444,0.6444444444444444,0.6444444444444444,0.6444444444444444,0.6444444444444444,0.6444444444444444,0.6444444444444444,0.6444444444444444,0.6444444444444444,0.6444444444444444,0.6444444444444444,0.6444444444444444,0.6444444444444444,0.6444444444444444,0.6444444444444444,0.6444444444444444,0.6444444444444444,0.6444444444444444,0.6444444444444444,0.6444444444444444,0.6444444444444444,0.6444444444444444,0.6444444444444444,0.6444444444444444,0.6444444444444444,0.6444444444444444,0.5454545454545454,0.5757575757575758,0.6363636363636364,0.6666666666666666,0.7272727272727273,0.7575757575757576,0.7878787878787878,0.8484848484848485,0.9090909090909091,0.9393939393939394,1.0,1.0,1.0,1.0,1.0,1.0,1.0,1.0,1.0,1.0,1.0,1.0,1.0,1.0,1.0,1.0,1.0,1.0,1.0,1.0,1.0,1.0,1.0,1.0,1.0,1.0,1.0,1.0,1.0,1.0,1.0,1.0,1.0,1.0,1.0,1.0,1.0,1.0,1.0,1.0,1.0
48,0.6371080139372823,0.6329268292682928,0.6410569105691059,0.6544715447154473,0.6678861788617888,0.6945993031358887,0.7287456445993034,0.7695121951219515,0.7976190476190477,0.7976190476190477,0.7976190476190477,0.7976190476190477,0.7976190476190477,0.7976190476190477,0.7976190476190477,0.7976190476190477,0.7976190476190477,0.7976190476190477,0.7976190476190477,0.7976190476190477,0.7976190476190477,0.7976190476190477,0.7976190476190477,0.7976190476190477,0.7976190476190477,0.7976190476190477,0.7976190476190477,0.7976190476190477,0.7976190476190477,0.7976190476190477,0.7976190476190477,0.7976190476190477,0.7976190476190477,0.7976190476190477,0.7976190476190477,0.7976190476190477,0.7976190476190477,0.7976190476190477,0.7976190476190477,0.7976190476190477,0.7976190476190477,0.7976190476190477,0.7976190476190477,0.7976190476190477,0.7976190476190477,0.7976190476190477,0.7976190476190477,0.7976190476190477,0.7976190476190477,0.7976190476190477,0.7976190476190477,0.7560975609756098,0.7804878048780488,0.8048780487804879,0.8292682926829268,0.8780487804878049,0.9024390243902439,0.9512195121951219,0.975609756097561,1.0,1.0,1.0,1.0,1.0,1.0,1.0,1.0,1.0,1.0,1.0,1.0,1.0,1.0,1.0,1.0,1.0,1.0,1.0,1.0,1.0,1.0,1.0,1.0,1.0,1.0,1.0,1.0,1.0,1.0,1.0,1.0,1.0,1.0,1.0,1.0,1.0,1.0,1.0,1.0,1.0,1.0,1.0
49,0.4652735562310031,0.46491894630192504,0.46562816616008107,0.47738095238095235,0.49197061803444786,0.5124873353596758,0.5202380952380953,0.5372593718338399,0.5468338399189463,0.5630445795339413,0.5751013171225938,0.5835612968591694,0.6256079027355624,0.6418186423505574,0.6773049645390073,0.6985815602836881,0.7127659574468087,0.7255319148936172,0.7390070921985818,0.7628672745694024,0.7708206686930094,0.8009625126646406,0.8009625126646406,0.8009625126646406,0.8009625126646406,0.8009625126646406,0.8009625126646406,0.8009625126646406,0.8009625126646406,0.8009625126646406,0.8009625126646406,0.8009625126646406,0.8009625126646406,0.8009625126646406,0.8009625126646406,0.8009625126646406,0.8009625126646406,0.8009625126646406,0.8009625126646406,0.8009625126646406,0.8009625126646406,0.8009625126646406,0.8009625126646406,0.8009625126646406,0.8009625126646406,0.8009625126646406,0.8009625126646406,0.8009625126646406,0.8009625126646406,0.8009625126646406,0.8009625126646406,0.48936170212765956,0.5106382978723404,0.5531914893617021,0.6170212765957447,0.6808510638297872,0.6808510638297872,0.7446808510638298,0.7446808510638298,0.7659574468085106,0.7872340425531915,0.7872340425531915,0.851063829787234,0.8936170212765957,0.9148936170212766,0.9361702127659575,0.9574468085106383,0.9787234042553191,0.9574468085106383,0.9787234042553191,0.9787234042553191,0.9787234042553191,1.0,1.0,1.0,1.0,1.0,1.0,1.0,1.0,1.0,1.0,1.0,1.0,1.0,1.0,1.0,1.0,1.0,1.0,1.0,1.0,1.0,1.0,1.0,1.0,1.0,1.0,1.0,1.0,1.0,1.0
