trial_number,sim_iter_0,sim_iter_1,sim_iter_2,sim_iter_3,sim_iter_4,sim_iter_5,sim_iter_6,sim_iter_7,sim_iter_8,sim_iter_9,sim_iter_10,sim_iter_11,sim_iter_12,sim_iter_13,sim_iter_14,sim_iter_15,sim_iter_16,sim_iter_17,sim_iter_18,sim_iter_19,sim_iter_20,sim_iter_21,sim_iter_22,sim_iter_23,sim_iter_24,sim_iter_25,sim_iter_26,sim_iter_27,sim_iter_28,sim_iter_29,sim_iter_30,sim_iter_31,sim_iter_32,sim_iter_33,sim_iter_34,sim_iter_35,sim_iter_36,sim_iter_37,sim_iter_38,sim_iter_39,sim_iter_40,sim_iter_41,sim_iter_42,sim_iter_43,sim_iter_44,sim_iter_45,sim_iter_46,sim_iter_47,sim_iter_48,sim_iter_49,sim_iter_50,hap_iter_0,hap_iter_1,hap_iter_2,hap_iter_3,hap_iter_4,hap_iter_5,hap_iter_6,hap_iter_7,hap_iter_8,hap_iter_9,hap_iter_10,hap_iter_11,hap_iter_12,hap_iter_13,hap_iter_14,hap_iter_15,hap_iter_16,hap_iter_17,hap_iter_18,hap_iter_19,hap_iter_20,hap_iter_21,hap_iter_22,hap_iter_23,hap_iter_24,hap_iter_25,hap_iter_26,hap_iter_27,hap_iter_28,hap_iter_29,hap_iter_30,hap_iter_31,hap_iter_32,hap_iter_33,hap_iter_34,hap_iter_35,hap_iter_36,hap_iter_37,hap_iter_38,hap_iter_39,hap_iter_40,hap_iter_41,hap_iter_42,hap_iter_43,hap_iter_44,hap_iter_45,hap_iter_46,hap_iter_47,hap_iter_48,hap_iter_49,hap_iter_50
0,0.5817857142857144,0.5859523809523811,0.5859523809523811,0.6320833333333334,0.6320833333333334,0.6654166666666667,0.6654166666666667,0.6808333333333334,0.7195833333333334,0.7400000000000001,0.7400000000000001,0.7400000000000001,0.7400000000000001,0.7583333333333333,0.7583333333333333,0.7583333333333333,0.7583333333333333,0.7583333333333333,0.7583333333333333,0.7583333333333333,0.7583333333333333,0.7583333333333333,0.7583333333333333,0.7583333333333333,0.7583333333333333,0.7583333333333333,0.7583333333333333,0.7583333333333333,0.7583333333333333,0.7583333333333333,0.7583333333333333,0.7583333333333333,0.7583333333333333,0.7583333333333333,0.7583333333333333,0.7583333333333333,0.7583333333333333,0.7583333333333333,0.7583333333333333,0.7583333333333333,0.7583333333333333,0.7583333333333333,0.7583333333333333,0.7583333333333333,0.7583333333333333,0.7583333333333333,0.7583333333333333,0.7583333333333333,0.7583333333333333,0.7583333333333333,0.7583333333333333,0.725,0.75,0.75,0.775,0.775,0.8,0.8,0.825,0.85,0.875,0.875,0.875,0.875,0.925,0.925,0.925,0.925,0.925,0.925,0.925,0.925,0.925,0.925,0.925,0.925,0.925,0.925,0.925,0.925,0.925,0.925,0.925,0.925,0.925,0.925,0.925,0.925,0.925,0.925,0.925,0.925,0.925,0.925,0.925,0.925,0.925,0.925,0.925,0.925,0.925,0.925
1,0.5648979591836734,0.5929931972789115,0.5929931972789115,0.6066666666666666,0.6066666666666666,0.6066666666666666,0.6109523809523809,0.6333333333333334,0.6289795918367348,0.6289795918367348,0.6771428571428573,0.6771428571428573,0.6771428571428573,0.6771428571428573,0.6771428571428573,0.6771428571428573,0.6771428571428573,0.6771428571428573,0.6771428571428573,0.6771428571428573,0.6771428571428573,0.6771428571428573,0.6771428571428573,0.6771428571428573,0.6771428571428573,0.6771428571428573,0.6771428571428573,0.6771428571428573,0.6771428571428573,0.6771428571428573,0.6771428571428573,0.6771428571428573,0.6771428571428573,0.6771428571428573,0.6771428571428573,0.6771428571428573,0.6771428571428573,0.6771428571428573,0.6771428571428573,0.6771428571428573,0.6771428571428573,0.6771428571428573,0.6771428571428573,0.6771428571428573,0.6771428571428573,0.6771428571428573,0.6771428571428573,0.6771428571428573,0.6771428571428573,0.6771428571428573,0.6771428571428573,0.6857142857142857,0.7428571428571429,0.7428571428571429,0.7428571428571429,0.7428571428571429,0.7428571428571429,0.8,0.8285714285714286,0.8571428571428571,0.8571428571428571,0.8857142857142857,0.8857142857142857,0.8857142857142857,0.8857142857142857,0.8857142857142857,0.8857142857142857,0.8857142857142857,0.8857142857142857,0.8857142857142857,0.8857142857142857,0.8857142857142857,0.8857142857142857,0.8857142857142857,0.8857142857142857,0.8857142857142857,0.8857142857142857,0.8857142857142857,0.8857142857142857,0.8857142857142857,0.8857142857142857,0.8857142857142857,0.8857142857142857,0.8857142857142857,0.8857142857142857,0.8857142857142857,0.8857142857142857,0.8857142857142857,0.8857142857142857,0.8857142857142857,0.8857142857142857,0.8857142857142857,0.8857142857142857,0.8857142857142857,0.8857142857142857,0.8857142857142857,0.8857142857142857,0.8857142857142857,0.8857142857142857,0.8857142857142857,0.8857142857142857,0.8857142857142857
2,0.571505376344086,0.5870967741935484,0.6123655913978495,0.621505376344086,0.6623655913978495,0.678494623655914,0.7096774193548387,0.7376344086021506,0.7543010752688172,0.7645161290322581,0.7645161290322581,0.7645161290322581,0.7645161290322581,0.7645161290322581,0.7645161290322581,0.7645161290322581,0.7645161290322581,0.7645161290322581,0.7645161290322581,0.7645161290322581,0.7645161290322581,0.7645161290322581,0.7645161290322581,0.7645161290322581,0.7645161290322581,0.7645161290322581,0.7645161290322581,0.7645161290322581,0.7645161290322581,0.7645161290322581,0.7645161290322581,0.7645161290322581,0.7645161290322581,0.7645161290322581,0.7645161290322581,0.7645161290322581,0.7645161290322581,0.7645161290322581,0.7645161290322581,0.7645161290322581,0.7645161290322581,0.7645161290322581,0.7645161290322581,0.7645161290322581,0.7645161290322581,0.7645161290322581,0.7645161290322581,0.7645161290322581,0.7645161290322581,0.7645161290322581,0.7645161290322581,0.7419354838709677,0.8064516129032258,0.8064516129032258,0.8709677419354839,0.9032258064516129,0.9032258064516129,0.9032258064516129,0.9354838709677419,0.967741935483871,1.0,1.0,1.0,1.0,1.0,1.0,1.0,1.0,1.0,1.0,1.0,1.0,1.0,1.0,1.0,1.0,1.0,1.0,1.0,1.0,1.0,1.0,1.0,1.0,1.0,1.0,1.0,1.0,1.0,1.0,1.0,1.0,1.0,1.0,1.0,1.0,1.0,1.0,1.0,1.0,1.0,1.0
3,0.31474358974358974,0.3724358974358975,0.4108974358974359,0.43846153846153846,0.4641025641025641,0.4641025641025641,0.4807692307692308,0.5134615384615384,0.5987179487179487,0.7012820512820513,0.7544871794871795,0.7544871794871795,0.8185897435897437,0.8185897435897437,0.8512820512820514,0.8512820512820514,0.8852564102564103,0.8852564102564103,0.8852564102564103,0.8852564102564103,0.8852564102564103,0.8852564102564103,0.8852564102564103,0.8852564102564103,0.8852564102564103,0.8852564102564103,0.8852564102564103,0.8852564102564103,0.8852564102564103,0.8852564102564103,0.8852564102564103,0.8852564102564103,0.8852564102564103,0.8852564102564103,0.8852564102564103,0.8852564102564103,0.8852564102564103,0.8852564102564103,0.8852564102564103,0.8852564102564103,0.8852564102564103,0.8852564102564103,0.8852564102564103,0.8852564102564103,0.8852564102564103,0.8852564102564103,0.8852564102564103,0.8852564102564103,0.8852564102564103,0.8852564102564103,0.8852564102564103,0.34615384615384615,0.4230769230769231,0.5,0.5769230769230769,0.6153846153846154,0.6153846153846154,0.6538461538461539,0.6923076923076923,0.7307692307692307,0.7692307692307693,0.8076923076923077,0.8076923076923077,0.8461538461538461,0.9230769230769231,0.9230769230769231,0.9230769230769231,0.9615384615384616,0.9615384615384616,0.9615384615384616,0.9615384615384616,0.9615384615384616,0.9615384615384616,0.9615384615384616,0.9615384615384616,0.9615384615384616,0.9615384615384616,0.9615384615384616,0.9615384615384616,0.9615384615384616,0.9615384615384616,0.9615384615384616,0.9615384615384616,0.9615384615384616,0.9615384615384616,0.9615384615384616,0.9615384615384616,0.9615384615384616,0.9615384615384616,0.9615384615384616,0.9615384615384616,0.9615384615384616,0.9615384615384616,0.9615384615384616,0.9615384615384616,0.9615384615384616,0.9615384615384616,0.9615384615384616,0.9615384615384616,0.9615384615384616,0.9615384615384616,0.9615384615384616
4,0.43623511904761897,0.46227678571428565,0.46227678571428565,0.4935267857142856,0.544345238095238,0.5801339285714284,0.6009672619047618,0.671205357142857,0.6561011904761904,0.6670386904761905,0.6956845238095237,0.7269345238095237,0.7572916666666666,0.7984375,0.7984375,0.7984375,0.7984375,0.7984375,0.7984375,0.7984375,0.7984375,0.7984375,0.7984375,0.7984375,0.7984375,0.7984375,0.7984375,0.7984375,0.7984375,0.7984375,0.7984375,0.7984375,0.7984375,0.7984375,0.7984375,0.7984375,0.7984375,0.7984375,0.7984375,0.7984375,0.7984375,0.7984375,0.7984375,0.7984375,0.7984375,0.7984375,0.7984375,0.7984375,0.7984375,0.7984375,0.7984375,0.53125,0.5625,0.5625,0.59375,0.65625,0.6875,0.71875,0.78125,0.84375,0.90625,0.9375,0.9375,0.96875,1.0,1.0,1.0,1.0,1.0,1.0,1.0,1.0,1.0,1.0,1.0,1.0,1.0,1.0,1.0,1.0,1.0,1.0,1.0,1.0,1.0,1.0,1.0,1.0,1.0,1.0,1.0,1.0,1.0,1.0,1.0,1.0,1.0,1.0,1.0,1.0,1.0,1.0
5,0.5354166666666667,0.5744791666666665,0.6036458333333332,0.6302083333333333,0.6526041666666667,0.6526041666666667,0.6838541666666668,0.6572916666666667,0.7015625,0.7213541666666667,0.7213541666666667,0.7244791666666668,0.7578125000000001,0.7578125000000001,0.7578125000000001,0.7578125000000001,0.7578125000000001,0.7578125000000001,0.7578125000000001,0.7578125000000001,0.7578125000000001,0.7578125000000001,0.7578125000000001,0.7578125000000001,0.7578125000000001,0.7578125000000001,0.7578125000000001,0.7578125000000001,0.7578125000000001,0.7578125000000001,0.7578125000000001,0.7578125000000001,0.7578125000000001,0.7578125000000001,0.7578125000000001,0.7578125000000001,0.7578125000000001,0.7578125000000001,0.7578125000000001,0.7578125000000001,0.7578125000000001,0.7578125000000001,0.7578125000000001,0.7578125000000001,0.7578125000000001,0.7578125000000001,0.7578125000000001,0.7578125000000001,0.7578125000000001,0.7578125000000001,0.7578125000000001,0.6875,0.71875,0.75,0.78125,0.75,0.75,0.8125,0.8125,0.84375,0.90625,0.90625,0.90625,0.9375,0.9375,0.9375,0.9375,0.9375,0.9375,0.9375,0.9375,0.9375,0.9375,0.9375,0.9375,0.9375,0.9375,0.9375,0.9375,0.9375,0.9375,0.9375,0.9375,0.9375,0.9375,0.9375,0.9375,0.9375,0.9375,0.9375,0.9375,0.9375,0.9375,0.9375,0.9375,0.9375,0.9375,0.9375,0.9375,0.9375,0.9375,0.9375
6,0.5599846390168971,0.5814900153609832,0.6298771121351767,0.6298771121351767,0.702457757296467,0.7508448540706605,0.7508448540706605,0.7723502304147466,0.8266513056835637,0.8266513056835637,0.8266513056835637,0.8347158218125961,0.8347158218125961,0.8777265745007682,0.8777265745007682,0.8777265745007682,0.8777265745007682,0.8777265745007682,0.8777265745007682,0.8777265745007682,0.8777265745007682,0.8777265745007682,0.8777265745007682,0.8777265745007682,0.8777265745007682,0.8777265745007682,0.8777265745007682,0.8777265745007682,0.8777265745007682,0.8777265745007682,0.8777265745007682,0.8777265745007682,0.8777265745007682,0.8777265745007682,0.8777265745007682,0.8777265745007682,0.8777265745007682,0.8777265745007682,0.8777265745007682,0.8777265745007682,0.8777265745007682,0.8777265745007682,0.8777265745007682,0.8777265745007682,0.8777265745007682,0.8777265745007682,0.8777265745007682,0.8777265745007682,0.8777265745007682,0.8777265745007682,0.8777265745007682,0.5161290322580645,0.5806451612903226,0.5806451612903226,0.5806451612903226,0.6451612903225806,0.7096774193548387,0.7741935483870968,0.8064516129032258,0.8709677419354839,0.8709677419354839,0.9032258064516129,0.9032258064516129,0.9032258064516129,0.9354838709677419,0.9354838709677419,0.9354838709677419,0.9354838709677419,0.9354838709677419,0.9354838709677419,0.9354838709677419,0.9354838709677419,0.9354838709677419,0.9354838709677419,0.9354838709677419,0.9354838709677419,0.9354838709677419,0.9354838709677419,0.9354838709677419,0.9354838709677419,0.9354838709677419,0.9354838709677419,0.9354838709677419,0.9354838709677419,0.9354838709677419,0.9354838709677419,0.9354838709677419,0.9354838709677419,0.9354838709677419,0.9354838709677419,0.9354838709677419,0.9354838709677419,0.9354838709677419,0.9354838709677419,0.9354838709677419,0.9354838709677419,0.9354838709677419,0.9354838709677419,0.9354838709677419,0.9354838709677419,0.9354838709677419,0.9354838709677419
7,0.4498639455782313,0.4851020408163265,0.4851020408163265,0.4851020408163265,0.547687074829932,0.556734693877551,0.556734693877551,0.556734693877551,0.5778231292517008,0.5982993197278913,0.6217687074829933,0.6217687074829933,0.6480952380952383,0.6614285714285716,0.674761904761905,0.7190476190476193,0.7190476190476193,0.7329931972789119,0.7329931972789119,0.7620408163265309,0.7620408163265309,0.7620408163265309,0.7620408163265309,0.7620408163265309,0.7620408163265309,0.7620408163265309,0.7620408163265309,0.7620408163265309,0.7620408163265309,0.7620408163265309,0.7620408163265309,0.7620408163265309,0.7620408163265309,0.7620408163265309,0.7620408163265309,0.7620408163265309,0.7620408163265309,0.7620408163265309,0.7620408163265309,0.7620408163265309,0.7620408163265309,0.7620408163265309,0.7620408163265309,0.7620408163265309,0.7620408163265309,0.7620408163265309,0.7620408163265309,0.7620408163265309,0.7620408163265309,0.7620408163265309,0.7620408163265309,0.5428571428571428,0.6,0.6,0.6,0.6,0.6285714285714286,0.6571428571428571,0.6571428571428571,0.6571428571428571,0.6857142857142857,0.7428571428571429,0.7428571428571429,0.7714285714285715,0.8,0.8571428571428571,0.8857142857142857,0.8857142857142857,0.9142857142857143,0.9142857142857143,0.9428571428571428,0.9428571428571428,0.9428571428571428,0.9428571428571428,0.9428571428571428,0.9428571428571428,0.9428571428571428,0.9428571428571428,0.9428571428571428,0.9428571428571428,0.9428571428571428,0.9428571428571428,0.9428571428571428,0.9428571428571428,0.9428571428571428,0.9428571428571428,0.9428571428571428,0.9428571428571428,0.9428571428571428,0.9428571428571428,0.9428571428571428,0.9428571428571428,0.9428571428571428,0.9428571428571428,0.9428571428571428,0.9428571428571428,0.9428571428571428,0.9428571428571428,0.9428571428571428,0.9428571428571428,0.9428571428571428,0.9428571428571428
8,0.6327380952380953,0.6327380952380953,0.6327380952380953,0.6726190476190476,0.7172619047619048,0.7595238095238095,0.7595238095238095,0.7875,0.8113095238095239,0.8291666666666667,0.8291666666666667,0.8291666666666667,0.8291666666666667,0.8291666666666667,0.8291666666666667,0.8291666666666667,0.8291666666666667,0.8291666666666667,0.8291666666666667,0.8291666666666667,0.8291666666666667,0.8291666666666667,0.8291666666666667,0.8291666666666667,0.8291666666666667,0.8291666666666667,0.8291666666666667,0.8291666666666667,0.8291666666666667,0.8291666666666667,0.8291666666666667,0.8291666666666667,0.8291666666666667,0.8291666666666667,0.8291666666666667,0.8291666666666667,0.8291666666666667,0.8291666666666667,0.8291666666666667,0.8291666666666667,0.8291666666666667,0.8291666666666667,0.8291666666666667,0.8291666666666667,0.8291666666666667,0.8291666666666667,0.8291666666666667,0.8291666666666667,0.8291666666666667,0.8291666666666667,0.8291666666666667,0.5714285714285714,0.6071428571428571,0.6071428571428571,0.6785714285714286,0.7142857142857143,0.8214285714285714,0.8571428571428571,0.8928571428571429,0.9285714285714286,0.9642857142857143,0.9642857142857143,0.9642857142857143,0.9642857142857143,0.9642857142857143,0.9642857142857143,0.9642857142857143,0.9642857142857143,0.9642857142857143,0.9642857142857143,0.9642857142857143,0.9642857142857143,0.9642857142857143,0.9642857142857143,0.9642857142857143,0.9642857142857143,0.9642857142857143,0.9642857142857143,0.9642857142857143,0.9642857142857143,0.9642857142857143,0.9642857142857143,0.9642857142857143,0.9642857142857143,0.9642857142857143,0.9642857142857143,0.9642857142857143,0.9642857142857143,0.9642857142857143,0.9642857142857143,0.9642857142857143,0.9642857142857143,0.9642857142857143,0.9642857142857143,0.9642857142857143,0.9642857142857143,0.9642857142857143,0.9642857142857143,0.9642857142857143,0.9642857142857143,0.9642857142857143,0.9642857142857143
9,0.5844444444444445,0.6233333333333334,0.6455555555555555,0.6344444444444444,0.6511111111111112,0.6872222222222224,0.7150000000000001,0.7150000000000001,0.7455555555555556,0.7394444444444446,0.7961111111111113,0.7961111111111113,0.7961111111111113,0.7961111111111113,0.7961111111111113,0.7961111111111113,0.7961111111111113,0.7961111111111113,0.7961111111111113,0.7961111111111113,0.7961111111111113,0.7961111111111113,0.7961111111111113,0.7961111111111113,0.7961111111111113,0.7961111111111113,0.7961111111111113,0.7961111111111113,0.7961111111111113,0.7961111111111113,0.7961111111111113,0.7961111111111113,0.7961111111111113,0.7961111111111113,0.7961111111111113,0.7961111111111113,0.7961111111111113,0.7961111111111113,0.7961111111111113,0.7961111111111113,0.7961111111111113,0.7961111111111113,0.7961111111111113,0.7961111111111113,0.7961111111111113,0.7961111111111113,0.7961111111111113,0.7961111111111113,0.7961111111111113,0.7961111111111113,0.7961111111111113,0.7,0.7666666666666667,0.8,0.8,0.8333333333333334,0.8333333333333334,0.9,0.9,0.9333333333333333,0.9333333333333333,0.9666666666666667,0.9666666666666667,0.9666666666666667,0.9666666666666667,0.9666666666666667,0.9666666666666667,0.9666666666666667,0.9666666666666667,0.9666666666666667,0.9666666666666667,0.9666666666666667,0.9666666666666667,0.9666666666666667,0.9666666666666667,0.9666666666666667,0.9666666666666667,0.9666666666666667,0.9666666666666667,0.9666666666666667,0.9666666666666667,0.9666666666666667,0.9666666666666667,0.9666666666666667,0.9666666666666667,0.9666666666666667,0.9666666666666667,0.9666666666666667,0.9666666666666667,0.9666666666666667,0.9666666666666667,0.9666666666666667,0.9666666666666667,0.9666666666666667,0.9666666666666667,0.9666666666666667,0.9666666666666667,0.9666666666666667,0.9666666666666667,0.9666666666666667,0.9666666666666667,0.9666666666666667
10,0.45107526881720433,0.5152073732718895,0.5152073732718895,0.542089093701997,0.542089093701997,0.6119815668202766,0.6119815668202766,0.6510752688172042,0.6510752688172042,0.6510752688172043,0.6865591397849461,0.7220430107526881,0.7220430107526881,0.7220430107526881,0.7220430107526881,0.7435483870967742,0.832258064516129,0.832258064516129,0.832258064516129,0.832258064516129,0.832258064516129,0.832258064516129,0.832258064516129,0.832258064516129,0.832258064516129,0.832258064516129,0.832258064516129,0.832258064516129,0.832258064516129,0.832258064516129,0.832258064516129,0.832258064516129,0.832258064516129,0.832258064516129,0.832258064516129,0.832258064516129,0.832258064516129,0.832258064516129,0.832258064516129,0.832258064516129,0.832258064516129,0.832258064516129,0.832258064516129,0.832258064516129,0.832258064516129,0.832258064516129,0.832258064516129,0.832258064516129,0.832258064516129,0.832258064516129,0.832258064516129,0.45161290322580644,0.5161290322580645,0.5161290322580645,0.6129032258064516,0.6129032258064516,0.6774193548387096,0.6774193548387096,0.7419354838709677,0.7419354838709677,0.7741935483870968,0.7741935483870968,0.8387096774193549,0.8387096774193549,0.8387096774193549,0.8387096774193549,0.8709677419354839,0.9032258064516129,0.9032258064516129,0.9032258064516129,0.9032258064516129,0.9032258064516129,0.9032258064516129,0.9032258064516129,0.9032258064516129,0.9032258064516129,0.9032258064516129,0.9032258064516129,0.9032258064516129,0.9032258064516129,0.9032258064516129,0.9032258064516129,0.9032258064516129,0.9032258064516129,0.9032258064516129,0.9032258064516129,0.9032258064516129,0.9032258064516129,0.9032258064516129,0.9032258064516129,0.9032258064516129,0.9032258064516129,0.9032258064516129,0.9032258064516129,0.9032258064516129,0.9032258064516129,0.9032258064516129,0.9032258064516129,0.9032258064516129,0.9032258064516129,0.9032258064516129,0.9032258064516129
11,0.44814814814814813,0.4759259259259259,0.4759259259259259,0.5006172839506172,0.5246913580246914,0.5395061728395062,0.5882716049382717,0.6277777777777779,0.6277777777777779,0.6623456790123456,0.6623456790123456,0.6808641975308641,0.7395061728395063,0.7395061728395063,0.7395061728395063,0.7395061728395063,0.7395061728395063,0.7395061728395063,0.7395061728395063,0.7395061728395063,0.7395061728395063,0.7395061728395063,0.7395061728395063,0.7395061728395063,0.7395061728395063,0.7395061728395063,0.7395061728395063,0.7395061728395063,0.7395061728395063,0.7395061728395063,0.7395061728395063,0.7395061728395063,0.7395061728395063,0.7395061728395063,0.7395061728395063,0.7395061728395063,0.7395061728395063,0.7395061728395063,0.7395061728395063,0.7395061728395063,0.7395061728395063,0.7395061728395063,0.7395061728395063,0.7395061728395063,0.7395061728395063,0.7395061728395063,0.7395061728395063,0.7395061728395063,0.7395061728395063,0.7395061728395063,0.7395061728395063,0.5555555555555556,0.5925925925925926,0.5925925925925926,0.6296296296296297,0.6666666666666666,0.7037037037037037,0.7407407407407407,0.8148148148148148,0.8148148148148148,0.8518518518518519,0.8888888888888888,0.9259259259259259,0.9629629629629629,0.9629629629629629,0.9629629629629629,0.9629629629629629,0.9629629629629629,0.9629629629629629,0.9629629629629629,0.9629629629629629,0.9629629629629629,0.9629629629629629,0.9629629629629629,0.9629629629629629,0.9629629629629629,0.9629629629629629,0.9629629629629629,0.9629629629629629,0.9629629629629629,0.9629629629629629,0.9629629629629629,0.9629629629629629,0.9629629629629629,0.9629629629629629,0.9629629629629629,0.9629629629629629,0.9629629629629629,0.9629629629629629,0.9629629629629629,0.9629629629629629,0.9629629629629629,0.9629629629629629,0.9629629629629629,0.9629629629629629,0.9629629629629629,0.9629629629629629,0.9629629629629629,0.9629629629629629,0.9629629629629629,0.9629629629629629,0.9629629629629629
12,0.4454022988505747,0.514367816091954,0.5689655172413793,0.6264367816091954,0.6465517241379309,0.6752873563218389,0.6954022988505746,0.7327586206896551,0.7844827586206896,0.8103448275862069,0.8477011494252873,0.8563218390804598,0.8563218390804598,0.8563218390804598,0.8563218390804598,0.8563218390804598,0.8563218390804598,0.8563218390804598,0.8563218390804598,0.8563218390804598,0.8563218390804598,0.8563218390804598,0.8563218390804598,0.8563218390804598,0.8563218390804598,0.8563218390804598,0.8563218390804598,0.8563218390804598,0.8563218390804598,0.8563218390804598,0.8563218390804598,0.8563218390804598,0.8563218390804598,0.8563218390804598,0.8563218390804598,0.8563218390804598,0.8563218390804598,0.8563218390804598,0.8563218390804598,0.8563218390804598,0.8563218390804598,0.8563218390804598,0.8563218390804598,0.8563218390804598,0.8563218390804598,0.8563218390804598,0.8563218390804598,0.8563218390804598,0.8563218390804598,0.8563218390804598,0.8563218390804598,0.6206896551724138,0.6551724137931034,0.6896551724137931,0.7241379310344828,0.7931034482758621,0.8275862068965517,0.8620689655172413,0.896551724137931,0.9310344827586207,0.9655172413793104,0.9655172413793104,1.0,1.0,1.0,1.0,1.0,1.0,1.0,1.0,1.0,1.0,1.0,1.0,1.0,1.0,1.0,1.0,1.0,1.0,1.0,1.0,1.0,1.0,1.0,1.0,1.0,1.0,1.0,1.0,1.0,1.0,1.0,1.0,1.0,1.0,1.0,1.0,1.0,1.0,1.0,1.0
13,0.4813988095238095,0.5095238095238095,0.5824404761904761,0.6022321428571429,0.6317708333333334,0.6411458333333334,0.6411458333333334,0.6802083333333334,0.7218750000000002,0.7218750000000002,0.7218750000000002,0.7218750000000002,0.7218750000000002,0.7218750000000002,0.7218750000000002,0.7218750000000002,0.7218750000000002,0.7218750000000002,0.7218750000000002,0.7218750000000002,0.7218750000000002,0.7218750000000002,0.7218750000000002,0.7218750000000002,0.7218750000000002,0.7218750000000002,0.7218750000000002,0.7218750000000002,0.7218750000000002,0.7218750000000002,0.7218750000000002,0.7218750000000002,0.7218750000000002,0.7218750000000002,0.7218750000000002,0.7218750000000002,0.7218750000000002,0.7218750000000002,0.7218750000000002,0.7218750000000002,0.7218750000000002,0.7218750000000002,0.7218750000000002,0.7218750000000002,0.7218750000000002,0.7218750000000002,0.7218750000000002,0.7218750000000002,0.7218750000000002,0.7218750000000002,0.7218750000000002,0.65625,0.65625,0.71875,0.75,0.84375,0.875,0.875,0.90625,0.9375,0.9375,0.9375,0.9375,0.9375,0.9375,0.9375,0.9375,0.9375,0.9375,0.9375,0.9375,0.9375,0.9375,0.9375,0.9375,0.9375,0.9375,0.9375,0.9375,0.9375,0.9375,0.9375,0.9375,0.9375,0.9375,0.9375,0.9375,0.9375,0.9375,0.9375,0.9375,0.9375,0.9375,0.9375,0.9375,0.9375,0.9375,0.9375,0.9375,0.9375,0.9375,0.9375
14,0.43160919540229886,0.4454022988505747,0.4454022988505747,0.4528735632183908,0.4528735632183908,0.4793103448275862,0.514367816091954,0.5431034482758621,0.5522988505747126,0.5637931034482759,0.5839080459770114,0.6385057471264367,0.6902298850574712,0.7304597701149426,0.7304597701149426,0.7304597701149426,0.7304597701149426,0.7304597701149426,0.7304597701149426,0.7304597701149426,0.7304597701149426,0.7304597701149426,0.7304597701149426,0.7304597701149426,0.7304597701149426,0.7304597701149426,0.7304597701149426,0.7304597701149426,0.7304597701149426,0.7304597701149426,0.7304597701149426,0.7304597701149426,0.7304597701149426,0.7304597701149426,0.7304597701149426,0.7304597701149426,0.7304597701149426,0.7304597701149426,0.7304597701149426,0.7304597701149426,0.7304597701149426,0.7304597701149426,0.7304597701149426,0.7304597701149426,0.7304597701149426,0.7304597701149426,0.7304597701149426,0.7304597701149426,0.7304597701149426,0.7304597701149426,0.7304597701149426,0.4482758620689655,0.5172413793103449,0.5172413793103449,0.5172413793103449,0.5172413793103449,0.5517241379310345,0.6206896551724138,0.6206896551724138,0.6896551724137931,0.7241379310344828,0.7586206896551724,0.8275862068965517,0.8620689655172413,0.896551724137931,0.896551724137931,0.896551724137931,0.896551724137931,0.896551724137931,0.896551724137931,0.896551724137931,0.896551724137931,0.896551724137931,0.896551724137931,0.896551724137931,0.896551724137931,0.896551724137931,0.896551724137931,0.896551724137931,0.896551724137931,0.896551724137931,0.896551724137931,0.896551724137931,0.896551724137931,0.896551724137931,0.896551724137931,0.896551724137931,0.896551724137931,0.896551724137931,0.896551724137931,0.896551724137931,0.896551724137931,0.896551724137931,0.896551724137931,0.896551724137931,0.896551724137931,0.896551724137931,0.896551724137931,0.896551724137931,0.896551724137931,0.896551724137931,0.896551724137931
15,0.5407596371882086,0.5407596371882086,0.5380952380952382,0.5446712018140589,0.5446712018140589,0.5446712018140589,0.5608276643990929,0.5603174603174603,0.5688208616780045,0.5855442176870749,0.5855442176870749,0.6126984126984129,0.6126984126984129,0.6225623582766442,0.6493197278911566,0.6493197278911566,0.6493197278911566,0.6493197278911566,0.6474489795918368,0.6474489795918368,0.6474489795918368,0.6505952380952382,0.6505952380952382,0.6505952380952382,0.6505952380952382,0.6505952380952382,0.6505952380952382,0.6667800453514741,0.6667800453514741,0.6667800453514741,0.6667800453514741,0.6667800453514741,0.6667800453514741,0.6667800453514741,0.6667800453514741,0.6667800453514741,0.6667800453514741,0.6667800453514741,0.6667800453514741,0.6667800453514741,0.6667800453514741,0.6667800453514741,0.6667800453514741,0.6667800453514741,0.6667800453514741,0.6667800453514741,0.6667800453514741,0.6667800453514741,0.6667800453514741,0.6667800453514741,0.6667800453514741,0.6666666666666666,0.6666666666666666,0.6904761904761905,0.7142857142857143,0.7142857142857143,0.7142857142857143,0.7142857142857143,0.7380952380952381,0.7619047619047619,0.7857142857142857,0.7857142857142857,0.8095238095238095,0.8095238095238095,0.8333333333333334,0.8333333333333334,0.8333333333333334,0.8333333333333334,0.8333333333333334,0.8571428571428571,0.8571428571428571,0.8571428571428571,0.8571428571428571,0.8571428571428571,0.8571428571428571,0.8571428571428571,0.8571428571428571,0.8571428571428571,0.8809523809523809,0.8809523809523809,0.8809523809523809,0.8809523809523809,0.8809523809523809,0.8809523809523809,0.8809523809523809,0.8809523809523809,0.8809523809523809,0.8809523809523809,0.8809523809523809,0.8809523809523809,0.8809523809523809,0.8809523809523809,0.8809523809523809,0.8809523809523809,0.8809523809523809,0.8809523809523809,0.8809523809523809,0.8809523809523809,0.8809523809523809,0.8809523809523809,0.8809523809523809,0.8809523809523809
16,0.3507002801120448,0.3665266106442577,0.3665266106442577,0.4244397759103641,0.4436974789915966,0.473109243697479,0.5221288515406163,0.5394607843137255,0.5596638655462185,0.5853991596638656,0.6043417366946778,0.6043417366946778,0.6313025210084033,0.6754201680672269,0.6754201680672269,0.7279411764705883,0.7279411764705883,0.7279411764705883,0.7279411764705883,0.7279411764705883,0.7279411764705883,0.7279411764705883,0.7279411764705883,0.7279411764705883,0.7279411764705883,0.7279411764705883,0.7279411764705883,0.7279411764705883,0.7279411764705883,0.7279411764705883,0.7279411764705883,0.7279411764705883,0.7279411764705883,0.7279411764705883,0.7279411764705883,0.7279411764705883,0.7279411764705883,0.7279411764705883,0.7279411764705883,0.7279411764705883,0.7279411764705883,0.7279411764705883,0.7279411764705883,0.7279411764705883,0.7279411764705883,0.7279411764705883,0.7279411764705883,0.7279411764705883,0.7279411764705883,0.7279411764705883,0.7279411764705883,0.35294117647058826,0.4411764705882353,0.4411764705882353,0.4411764705882353,0.47058823529411764,0.5294117647058824,0.6176470588235294,0.6764705882352942,0.7058823529411765,0.7941176470588235,0.8235294117647058,0.8235294117647058,0.8529411764705882,0.8529411764705882,0.8529411764705882,0.9117647058823529,0.9117647058823529,0.9117647058823529,0.9117647058823529,0.9117647058823529,0.9117647058823529,0.9117647058823529,0.9117647058823529,0.9117647058823529,0.9117647058823529,0.9117647058823529,0.9117647058823529,0.9117647058823529,0.9117647058823529,0.9117647058823529,0.9117647058823529,0.9117647058823529,0.9117647058823529,0.9117647058823529,0.9117647058823529,0.9117647058823529,0.9117647058823529,0.9117647058823529,0.9117647058823529,0.9117647058823529,0.9117647058823529,0.9117647058823529,0.9117647058823529,0.9117647058823529,0.9117647058823529,0.9117647058823529,0.9117647058823529,0.9117647058823529,0.9117647058823529,0.9117647058823529,0.9117647058823529
17,0.5623809523809524,0.5714285714285713,0.5742857142857142,0.5819047619047619,0.6085714285714285,0.6085714285714285,0.6338095238095238,0.6708163265306122,0.7141496598639456,0.7141496598639456,0.7289115646258504,0.7289115646258504,0.7289115646258504,0.7289115646258504,0.7289115646258504,0.7289115646258504,0.7289115646258504,0.7289115646258504,0.7289115646258504,0.7289115646258504,0.7289115646258504,0.7289115646258504,0.7289115646258504,0.7289115646258504,0.7289115646258504,0.7289115646258504,0.7289115646258504,0.7289115646258504,0.7289115646258504,0.7289115646258504,0.7289115646258504,0.7289115646258504,0.7289115646258504,0.7289115646258504,0.7289115646258504,0.7289115646258504,0.7289115646258504,0.7289115646258504,0.7289115646258504,0.7289115646258504,0.7289115646258504,0.7289115646258504,0.7289115646258504,0.7289115646258504,0.7289115646258504,0.7289115646258504,0.7289115646258504,0.7289115646258504,0.7289115646258504,0.7289115646258504,0.7289115646258504,0.7428571428571429,0.7714285714285715,0.7714285714285715,0.8,0.8285714285714286,0.8285714285714286,0.8571428571428571,0.8857142857142857,0.9142857142857143,0.9142857142857143,0.9428571428571428,0.9428571428571428,0.9428571428571428,0.9428571428571428,0.9428571428571428,0.9428571428571428,0.9428571428571428,0.9428571428571428,0.9428571428571428,0.9428571428571428,0.9428571428571428,0.9428571428571428,0.9428571428571428,0.9428571428571428,0.9428571428571428,0.9428571428571428,0.9428571428571428,0.9428571428571428,0.9428571428571428,0.9428571428571428,0.9428571428571428,0.9428571428571428,0.9428571428571428,0.9428571428571428,0.9428571428571428,0.9428571428571428,0.9428571428571428,0.9428571428571428,0.9428571428571428,0.9428571428571428,0.9428571428571428,0.9428571428571428,0.9428571428571428,0.9428571428571428,0.9428571428571428,0.9428571428571428,0.9428571428571428,0.9428571428571428,0.9428571428571428,0.9428571428571428,0.9428571428571428
18,0.5114942528735633,0.5804597701149427,0.5814449917898193,0.6458128078817734,0.6458128078817734,0.6688013136288997,0.6688013136288997,0.6894909688013136,0.7032840722495896,0.7268472906403942,0.7268472906403942,0.732183908045977,0.732183908045977,0.7724137931034484,0.7724137931034484,0.7724137931034484,0.7954022988505747,0.7954022988505747,0.7954022988505747,0.7954022988505747,0.7954022988505747,0.7954022988505747,0.7954022988505747,0.7954022988505747,0.7954022988505747,0.7954022988505747,0.7954022988505747,0.7954022988505747,0.7954022988505747,0.7954022988505747,0.7954022988505747,0.7954022988505747,0.7954022988505747,0.7954022988505747,0.7954022988505747,0.7954022988505747,0.7954022988505747,0.7954022988505747,0.7954022988505747,0.7954022988505747,0.7954022988505747,0.7954022988505747,0.7954022988505747,0.7954022988505747,0.7954022988505747,0.7954022988505747,0.7954022988505747,0.7954022988505747,0.7954022988505747,0.7954022988505747,0.7954022988505747,0.5172413793103449,0.5862068965517241,0.6551724137931034,0.6896551724137931,0.6896551724137931,0.7586206896551724,0.7586206896551724,0.7931034482758621,0.7931034482758621,0.8275862068965517,0.8275862068965517,0.8275862068965517,0.8275862068965517,0.8620689655172413,0.8620689655172413,0.8620689655172413,0.896551724137931,0.896551724137931,0.896551724137931,0.896551724137931,0.896551724137931,0.896551724137931,0.896551724137931,0.896551724137931,0.896551724137931,0.896551724137931,0.896551724137931,0.896551724137931,0.896551724137931,0.896551724137931,0.896551724137931,0.896551724137931,0.896551724137931,0.896551724137931,0.896551724137931,0.896551724137931,0.896551724137931,0.896551724137931,0.896551724137931,0.896551724137931,0.896551724137931,0.896551724137931,0.896551724137931,0.896551724137931,0.896551724137931,0.896551724137931,0.896551724137931,0.896551724137931,0.896551724137931,0.896551724137931,0.896551724137931
19,0.4465686274509804,0.49313725490196075,0.5044117647058823,0.5044117647058823,0.509313725490196,0.509313725490196,0.5431372549019607,0.5627450980392157,0.5524509803921568,0.5696078431372549,0.6180672268907562,0.6425770308123249,0.6469887955182072,0.6764005602240895,0.688655462184874,0.688655462184874,0.7264005602240896,0.7264005602240896,0.7264005602240896,0.7264005602240896,0.7264005602240896,0.7264005602240896,0.7264005602240896,0.7264005602240896,0.7264005602240896,0.7264005602240896,0.7264005602240896,0.7264005602240896,0.7264005602240896,0.7264005602240896,0.7264005602240896,0.7264005602240896,0.7264005602240896,0.7264005602240896,0.7264005602240896,0.7264005602240896,0.7264005602240896,0.7264005602240896,0.7264005602240896,0.7264005602240896,0.7264005602240896,0.7264005602240896,0.7264005602240896,0.7264005602240896,0.7264005602240896,0.7264005602240896,0.7264005602240896,0.7264005602240896,0.7264005602240896,0.7264005602240896,0.7264005602240896,0.5588235294117647,0.5882352941176471,0.6176470588235294,0.6176470588235294,0.6470588235294118,0.6470588235294118,0.6764705882352942,0.7058823529411765,0.7352941176470589,0.7352941176470589,0.7941176470588235,0.8235294117647058,0.8235294117647058,0.8823529411764706,0.8823529411764706,0.8823529411764706,0.9117647058823529,0.9117647058823529,0.9117647058823529,0.9117647058823529,0.9117647058823529,0.9117647058823529,0.9117647058823529,0.9117647058823529,0.9117647058823529,0.9117647058823529,0.9117647058823529,0.9117647058823529,0.9117647058823529,0.9117647058823529,0.9117647058823529,0.9117647058823529,0.9117647058823529,0.9117647058823529,0.9117647058823529,0.9117647058823529,0.9117647058823529,0.9117647058823529,0.9117647058823529,0.9117647058823529,0.9117647058823529,0.9117647058823529,0.9117647058823529,0.9117647058823529,0.9117647058823529,0.9117647058823529,0.9117647058823529,0.9117647058823529,0.9117647058823529,0.9117647058823529,0.9117647058823529
20,0.5857142857142856,0.6082482993197279,0.6547619047619049,0.6815476190476192,0.7172619047619049,0.7708333333333336,0.8095238095238096,0.8392857142857144,0.8392857142857144,0.8392857142857144,0.8392857142857144,0.8392857142857144,0.8392857142857144,0.8392857142857144,0.8392857142857144,0.8392857142857144,0.8392857142857144,0.8392857142857144,0.8392857142857144,0.8392857142857144,0.8392857142857144,0.8392857142857144,0.8392857142857144,0.8392857142857144,0.8392857142857144,0.8392857142857144,0.8392857142857144,0.8392857142857144,0.8392857142857144,0.8392857142857144,0.8392857142857144,0.8392857142857144,0.8392857142857144,0.8392857142857144,0.8392857142857144,0.8392857142857144,0.8392857142857144,0.8392857142857144,0.8392857142857144,0.8392857142857144,0.8392857142857144,0.8392857142857144,0.8392857142857144,0.8392857142857144,0.8392857142857144,0.8392857142857144,0.8392857142857144,0.8392857142857144,0.8392857142857144,0.8392857142857144,0.8392857142857144,0.6785714285714286,0.75,0.7857142857142857,0.8214285714285714,0.8571428571428571,0.8928571428571429,0.9285714285714286,0.9285714285714286,0.9285714285714286,0.9285714285714286,0.9285714285714286,0.9285714285714286,0.9285714285714286,0.9285714285714286,0.9285714285714286,0.9285714285714286,0.9285714285714286,0.9285714285714286,0.9285714285714286,0.9285714285714286,0.9285714285714286,0.9285714285714286,0.9285714285714286,0.9285714285714286,0.9285714285714286,0.9285714285714286,0.9285714285714286,0.9285714285714286,0.9285714285714286,0.9285714285714286,0.9285714285714286,0.9285714285714286,0.9285714285714286,0.9285714285714286,0.9285714285714286,0.9285714285714286,0.9285714285714286,0.9285714285714286,0.9285714285714286,0.9285714285714286,0.9285714285714286,0.9285714285714286,0.9285714285714286,0.9285714285714286,0.9285714285714286,0.9285714285714286,0.9285714285714286,0.9285714285714286,0.9285714285714286,0.9285714285714286,0.9285714285714286
21,0.49639455782312925,0.5276190476190475,0.5438095238095237,0.5914285714285714,0.6128571428571429,0.6128571428571429,0.6128571428571429,0.6128571428571429,0.6323809523809523,0.6323809523809523,0.6385714285714285,0.6385714285714285,0.6585714285714284,0.6585714285714285,0.6585714285714285,0.6585714285714285,0.7223809523809523,0.7223809523809523,0.7223809523809523,0.7557142857142857,0.7557142857142857,0.7557142857142857,0.7557142857142857,0.7557142857142857,0.7557142857142857,0.7557142857142857,0.7557142857142857,0.7557142857142857,0.7557142857142857,0.7557142857142857,0.7557142857142857,0.7557142857142857,0.7557142857142857,0.7557142857142857,0.7557142857142857,0.7557142857142857,0.7557142857142857,0.7557142857142857,0.7557142857142857,0.7557142857142857,0.7557142857142857,0.7557142857142857,0.7557142857142857,0.7557142857142857,0.7557142857142857,0.7557142857142857,0.7557142857142857,0.7557142857142857,0.7557142857142857,0.7557142857142857,0.7557142857142857,0.5714285714285714,0.6571428571428571,0.6571428571428571,0.6857142857142857,0.7428571428571429,0.7428571428571429,0.7428571428571429,0.7428571428571429,0.7428571428571429,0.7428571428571429,0.7428571428571429,0.7428571428571429,0.7714285714285715,0.8285714285714286,0.8285714285714286,0.8285714285714286,0.8571428571428571,0.8571428571428571,0.8571428571428571,0.8857142857142857,0.8857142857142857,0.8857142857142857,0.8857142857142857,0.8857142857142857,0.8857142857142857,0.8857142857142857,0.8857142857142857,0.8857142857142857,0.8857142857142857,0.8857142857142857,0.8857142857142857,0.8857142857142857,0.8857142857142857,0.8857142857142857,0.8857142857142857,0.8857142857142857,0.8857142857142857,0.8857142857142857,0.8857142857142857,0.8857142857142857,0.8857142857142857,0.8857142857142857,0.8857142857142857,0.8857142857142857,0.8857142857142857,0.8857142857142857,0.8857142857142857,0.8857142857142857,0.8857142857142857,0.8857142857142857,0.8857142857142857
22,0.5574500768049154,0.605837173579109,0.6096774193548387,0.6365591397849462,0.6575268817204301,0.6973118279569893,0.7204301075268816,0.7586021505376344,0.7698924731182797,0.7698924731182797,0.7698924731182797,0.7698924731182797,0.7698924731182797,0.7698924731182797,0.7698924731182797,0.7698924731182797,0.7698924731182797,0.7698924731182797,0.7698924731182797,0.7698924731182797,0.7698924731182797,0.7698924731182797,0.7698924731182797,0.7698924731182797,0.7698924731182797,0.7698924731182797,0.7698924731182797,0.7698924731182797,0.7698924731182797,0.7698924731182797,0.7698924731182797,0.7698924731182797,0.7698924731182797,0.7698924731182797,0.7698924731182797,0.7698924731182797,0.7698924731182797,0.7698924731182797,0.7698924731182797,0.7698924731182797,0.7698924731182797,0.7698924731182797,0.7698924731182797,0.7698924731182797,0.7698924731182797,0.7698924731182797,0.7698924731182797,0.7698924731182797,0.7698924731182797,0.7698924731182797,0.7698924731182797,0.6774193548387096,0.7419354838709677,0.8064516129032258,0.8387096774193549,0.8709677419354839,0.9032258064516129,0.9032258064516129,0.9354838709677419,1.0,1.0,1.0,1.0,1.0,1.0,1.0,1.0,1.0,1.0,1.0,1.0,1.0,1.0,1.0,1.0,1.0,1.0,1.0,1.0,1.0,1.0,1.0,1.0,1.0,1.0,1.0,1.0,1.0,1.0,1.0,1.0,1.0,1.0,1.0,1.0,1.0,1.0,1.0,1.0,1.0,1.0,1.0
23,0.5041316526610644,0.5217787114845938,0.5217787114845938,0.5430672268907563,0.578921568627451,0.5852941176470589,0.5852941176470589,0.640686274509804,0.6665966386554623,0.6665966386554623,0.6665966386554623,0.6665966386554623,0.6780112044817928,0.6780112044817928,0.6780112044817928,0.6740896358543417,0.6740896358543417,0.6740896358543417,0.6740896358543417,0.6943977591036415,0.6943977591036415,0.6943977591036415,0.6943977591036415,0.7336134453781513,0.7336134453781513,0.7336134453781513,0.7336134453781513,0.7477240896358543,0.7477240896358543,0.7477240896358543,0.7477240896358543,0.7477240896358543,0.7477240896358543,0.7477240896358543,0.7477240896358543,0.7477240896358543,0.7477240896358543,0.7477240896358543,0.7477240896358543,0.7477240896358543,0.7477240896358543,0.7477240896358543,0.7477240896358543,0.7477240896358543,0.7477240896358543,0.7477240896358543,0.7477240896358543,0.7477240896358543,0.7477240896358543,0.7477240896358543,0.7477240896358543,0.6176470588235294,0.6470588235294118,0.6470588235294118,0.6470588235294118,0.7352941176470589,0.7647058823529411,0.7647058823529411,0.7941176470588235,0.7941176470588235,0.7941176470588235,0.7941176470588235,0.7941176470588235,0.8235294117647058,0.8235294117647058,0.8235294117647058,0.8529411764705882,0.8529411764705882,0.8529411764705882,0.8529411764705882,0.8823529411764706,0.8823529411764706,0.8823529411764706,0.8823529411764706,0.8823529411764706,0.8823529411764706,0.8823529411764706,0.8823529411764706,0.8823529411764706,0.8823529411764706,0.8823529411764706,0.8823529411764706,0.8823529411764706,0.8823529411764706,0.8823529411764706,0.8823529411764706,0.8823529411764706,0.8823529411764706,0.8823529411764706,0.8823529411764706,0.8823529411764706,0.8823529411764706,0.8823529411764706,0.8823529411764706,0.8823529411764706,0.8823529411764706,0.8823529411764706,0.8823529411764706,0.8823529411764706,0.8823529411764706,0.8823529411764706,0.8823529411764706
24,0.6057422969187675,0.6390756302521008,0.6390756302521008,0.6488795518207284,0.6972689075630253,0.7345238095238096,0.7345238095238096,0.7345238095238096,0.7497198879551821,0.7497198879551821,0.7497198879551821,0.769327731092437,0.769327731092437,0.769327731092437,0.769327731092437,0.769327731092437,0.769327731092437,0.769327731092437,0.769327731092437,0.769327731092437,0.769327731092437,0.769327731092437,0.769327731092437,0.769327731092437,0.769327731092437,0.769327731092437,0.769327731092437,0.769327731092437,0.769327731092437,0.769327731092437,0.769327731092437,0.769327731092437,0.769327731092437,0.769327731092437,0.769327731092437,0.769327731092437,0.769327731092437,0.769327731092437,0.769327731092437,0.769327731092437,0.769327731092437,0.769327731092437,0.769327731092437,0.769327731092437,0.769327731092437,0.769327731092437,0.769327731092437,0.769327731092437,0.769327731092437,0.769327731092437,0.769327731092437,0.7647058823529411,0.7941176470588235,0.7941176470588235,0.8235294117647058,0.8823529411764706,0.8823529411764706,0.8823529411764706,0.8823529411764706,0.8823529411764706,0.8823529411764706,0.8823529411764706,0.9117647058823529,0.9117647058823529,0.9117647058823529,0.9117647058823529,0.9117647058823529,0.9117647058823529,0.9117647058823529,0.9117647058823529,0.9117647058823529,0.9117647058823529,0.9117647058823529,0.9117647058823529,0.9117647058823529,0.9117647058823529,0.9117647058823529,0.9117647058823529,0.9117647058823529,0.9117647058823529,0.9117647058823529,0.9117647058823529,0.9117647058823529,0.9117647058823529,0.9117647058823529,0.9117647058823529,0.9117647058823529,0.9117647058823529,0.9117647058823529,0.9117647058823529,0.9117647058823529,0.9117647058823529,0.9117647058823529,0.9117647058823529,0.9117647058823529,0.9117647058823529,0.9117647058823529,0.9117647058823529,0.9117647058823529,0.9117647058823529,0.9117647058823529,0.9117647058823529
25,0.4919540229885058,0.5178160919540231,0.5522988505747127,0.5603448275862071,0.5816091954022987,0.5816091954022987,0.6275862068965515,0.664942528735632,0.707471264367816,0.7448275862068965,0.7758620689655172,0.8189655172413793,0.8189655172413793,0.82183908045977,0.82183908045977,0.82183908045977,0.82183908045977,0.82183908045977,0.82183908045977,0.82183908045977,0.82183908045977,0.82183908045977,0.82183908045977,0.82183908045977,0.82183908045977,0.82183908045977,0.82183908045977,0.82183908045977,0.82183908045977,0.82183908045977,0.82183908045977,0.82183908045977,0.82183908045977,0.82183908045977,0.82183908045977,0.82183908045977,0.82183908045977,0.82183908045977,0.82183908045977,0.82183908045977,0.82183908045977,0.82183908045977,0.82183908045977,0.82183908045977,0.82183908045977,0.82183908045977,0.82183908045977,0.82183908045977,0.82183908045977,0.82183908045977,0.82183908045977,0.4827586206896552,0.5517241379310345,0.6206896551724138,0.6206896551724138,0.7241379310344828,0.7241379310344828,0.7586206896551724,0.8275862068965517,0.8620689655172413,0.8620689655172413,0.896551724137931,0.9310344827586207,0.9310344827586207,0.9655172413793104,0.9655172413793104,0.9655172413793104,0.9655172413793104,0.9655172413793104,0.9655172413793104,0.9655172413793104,0.9655172413793104,0.9655172413793104,0.9655172413793104,0.9655172413793104,0.9655172413793104,0.9655172413793104,0.9655172413793104,0.9655172413793104,0.9655172413793104,0.9655172413793104,0.9655172413793104,0.9655172413793104,0.9655172413793104,0.9655172413793104,0.9655172413793104,0.9655172413793104,0.9655172413793104,0.9655172413793104,0.9655172413793104,0.9655172413793104,0.9655172413793104,0.9655172413793104,0.9655172413793104,0.9655172413793104,0.9655172413793104,0.9655172413793104,0.9655172413793104,0.9655172413793104,0.9655172413793104,0.9655172413793104,0.9655172413793104
26,0.4261022927689595,0.50326278659612,0.50326278659612,0.50326278659612,0.5038800705467372,0.5256613756613757,0.5421516754850088,0.5421516754850088,0.5501763668430335,0.5501763668430335,0.5501763668430335,0.6112874779541447,0.6112874779541447,0.6112874779541447,0.61331569664903,0.61331569664903,0.61331569664903,0.61331569664903,0.61331569664903,0.650352733686067,0.650352733686067,0.650352733686067,0.650352733686067,0.650352733686067,0.650352733686067,0.650352733686067,0.650352733686067,0.650352733686067,0.650352733686067,0.650352733686067,0.650352733686067,0.650352733686067,0.650352733686067,0.650352733686067,0.650352733686067,0.650352733686067,0.650352733686067,0.650352733686067,0.650352733686067,0.650352733686067,0.650352733686067,0.650352733686067,0.650352733686067,0.650352733686067,0.650352733686067,0.650352733686067,0.650352733686067,0.650352733686067,0.650352733686067,0.650352733686067,0.650352733686067,0.5185185185185185,0.5555555555555556,0.5555555555555556,0.5555555555555556,0.6296296296296297,0.6666666666666666,0.7407407407407407,0.7407407407407407,0.7407407407407407,0.7407407407407407,0.7407407407407407,0.8148148148148148,0.8148148148148148,0.8148148148148148,0.7777777777777778,0.7777777777777778,0.7777777777777778,0.7777777777777778,0.7777777777777778,0.8148148148148148,0.8148148148148148,0.8148148148148148,0.8148148148148148,0.8148148148148148,0.8148148148148148,0.8148148148148148,0.8148148148148148,0.8148148148148148,0.8148148148148148,0.8148148148148148,0.8148148148148148,0.8148148148148148,0.8148148148148148,0.8148148148148148,0.8148148148148148,0.8148148148148148,0.8148148148148148,0.8148148148148148,0.8148148148148148,0.8148148148148148,0.8148148148148148,0.8148148148148148,0.8148148148148148,0.8148148148148148,0.8148148148148148,0.8148148148148148,0.8148148148148148,0.8148148148148148,0.8148148148148148,0.8148148148148148,0.8148148148148148
27,0.5073529411764706,0.5299019607843137,0.5642156862745098,0.5872549019607843,0.5955882352941176,0.6176470588235294,0.6544117647058825,0.669607843137255,0.6813725490196079,0.6700980392156863,0.698529411764706,0.7269607843137256,0.7269607843137256,0.7658263305322128,0.7828431372549021,0.7877450980392159,0.7936274509803923,0.7936274509803923,0.8068627450980393,0.8259803921568629,0.8259803921568629,0.8259803921568629,0.8259803921568629,0.8259803921568629,0.8259803921568629,0.8259803921568629,0.8259803921568629,0.8259803921568629,0.8259803921568629,0.8259803921568629,0.8259803921568629,0.8259803921568629,0.8259803921568629,0.8259803921568629,0.8259803921568629,0.8259803921568629,0.8259803921568629,0.8259803921568629,0.8259803921568629,0.8259803921568629,0.8259803921568629,0.8259803921568629,0.8259803921568629,0.8259803921568629,0.8259803921568629,0.8259803921568629,0.8259803921568629,0.8259803921568629,0.8259803921568629,0.8259803921568629,0.8259803921568629,0.5882352941176471,0.6764705882352942,0.7058823529411765,0.7352941176470589,0.7647058823529411,0.7941176470588235,0.7941176470588235,0.8235294117647058,0.8529411764705882,0.8235294117647058,0.8529411764705882,0.8823529411764706,0.8823529411764706,0.9117647058823529,0.9117647058823529,0.9411764705882353,0.9411764705882353,0.9411764705882353,0.9705882352941176,0.9705882352941176,0.9705882352941176,0.9705882352941176,0.9705882352941176,0.9705882352941176,0.9705882352941176,0.9705882352941176,0.9705882352941176,0.9705882352941176,0.9705882352941176,0.9705882352941176,0.9705882352941176,0.9705882352941176,0.9705882352941176,0.9705882352941176,0.9705882352941176,0.9705882352941176,0.9705882352941176,0.9705882352941176,0.9705882352941176,0.9705882352941176,0.9705882352941176,0.9705882352941176,0.9705882352941176,0.9705882352941176,0.9705882352941176,0.9705882352941176,0.9705882352941176,0.9705882352941176,0.9705882352941176,0.9705882352941176,0.9705882352941176
28,0.41052827380952384,0.42734375,0.4574032738095238,0.49906994047619047,0.5146949404761905,0.5303199404761905,0.5511532738095238,0.5708333333333334,0.60625,0.653125,0.653125,0.6421874999999999,0.6630208333333333,0.6630208333333333,0.7005208333333334,0.7005208333333334,0.7005208333333334,0.7005208333333334,0.7067708333333333,0.7067708333333333,0.7067708333333333,0.7067708333333333,0.7479166666666667,0.7479166666666667,0.7479166666666667,0.7479166666666667,0.7494791666666667,0.7494791666666667,0.7494791666666667,0.7494791666666667,0.7494791666666667,0.7494791666666667,0.7494791666666667,0.7494791666666667,0.7494791666666667,0.7494791666666667,0.7494791666666667,0.7494791666666667,0.7494791666666667,0.7494791666666667,0.7494791666666667,0.7494791666666667,0.7494791666666667,0.7494791666666667,0.7494791666666667,0.7494791666666667,0.7494791666666667,0.7494791666666667,0.7494791666666667,0.7494791666666667,0.7494791666666667,0.5,0.5625,0.625,0.65625,0.6875,0.71875,0.8125,0.84375,0.8125,0.8125,0.8125,0.8125,0.8125,0.8125,0.84375,0.84375,0.84375,0.84375,0.84375,0.84375,0.84375,0.84375,0.875,0.875,0.875,0.875,0.90625,0.90625,0.90625,0.90625,0.90625,0.90625,0.90625,0.90625,0.90625,0.90625,0.90625,0.90625,0.90625,0.90625,0.90625,0.90625,0.90625,0.90625,0.90625,0.90625,0.90625,0.90625,0.90625,0.90625,0.90625
29,0.5920000000000001,0.61,0.6333333333333333,0.66,0.71,0.81,0.8553333333333333,0.8926666666666666,0.8926666666666666,0.8926666666666666,0.8926666666666666,0.8926666666666666,0.8926666666666666,0.8926666666666666,0.8926666666666666,0.8926666666666666,0.8926666666666666,0.8926666666666666,0.8926666666666666,0.8926666666666666,0.8926666666666666,0.8926666666666666,0.8926666666666666,0.8926666666666666,0.8926666666666666,0.8926666666666666,0.8926666666666666,0.8926666666666666,0.8926666666666666,0.8926666666666666,0.8926666666666666,0.8926666666666666,0.8926666666666666,0.8926666666666666,0.8926666666666666,0.8926666666666666,0.8926666666666666,0.8926666666666666,0.8926666666666666,0.8926666666666666,0.8926666666666666,0.8926666666666666,0.8926666666666666,0.8926666666666666,0.8926666666666666,0.8926666666666666,0.8926666666666666,0.8926666666666666,0.8926666666666666,0.8926666666666666,0.8926666666666666,0.68,0.76,0.8,0.84,0.88,0.92,0.96,1.0,1.0,1.0,1.0,1.0,1.0,1.0,1.0,1.0,1.0,1.0,1.0,1.0,1.0,1.0,1.0,1.0,1.0,1.0,1.0,1.0,1.0,1.0,1.0,1.0,1.0,1.0,1.0,1.0,1.0,1.0,1.0,1.0,1.0,1.0,1.0,1.0,1.0,1.0,1.0,1.0,1.0,1.0,1.0
30,0.4267676767676768,0.47135642135642136,0.46630591630591633,0.4858585858585858,0.4717171717171717,0.5045454545454545,0.5196969696969697,0.558008658008658,0.5605339105339106,0.6093795093795094,0.6093795093795094,0.6093795093795094,0.6275613275613275,0.6520202020202019,0.6779220779220779,0.7102453102453102,0.743073593073593,0.7612554112554112,0.7612554112554112,0.7612554112554112,0.7612554112554112,0.7612554112554112,0.7612554112554112,0.7612554112554112,0.7612554112554112,0.7612554112554112,0.7612554112554112,0.7612554112554112,0.7612554112554112,0.7612554112554112,0.7612554112554112,0.7612554112554112,0.7612554112554112,0.7612554112554112,0.7612554112554112,0.7612554112554112,0.7612554112554112,0.7612554112554112,0.7612554112554112,0.7612554112554112,0.7612554112554112,0.7612554112554112,0.7612554112554112,0.7612554112554112,0.7612554112554112,0.7612554112554112,0.7612554112554112,0.7612554112554112,0.7612554112554112,0.7612554112554112,0.7612554112554112,0.45454545454545453,0.42424242424242425,0.48484848484848486,0.5151515151515151,0.5454545454545454,0.5757575757575758,0.6060606060606061,0.6060606060606061,0.6363636363636364,0.7272727272727273,0.7272727272727273,0.7272727272727273,0.7878787878787878,0.8181818181818182,0.8484848484848485,0.8484848484848485,0.8787878787878788,0.9090909090909091,0.9090909090909091,0.9090909090909091,0.9090909090909091,0.9090909090909091,0.9090909090909091,0.9090909090909091,0.9090909090909091,0.9090909090909091,0.9090909090909091,0.9090909090909091,0.9090909090909091,0.9090909090909091,0.9090909090909091,0.9090909090909091,0.9090909090909091,0.9090909090909091,0.9090909090909091,0.9090909090909091,0.9090909090909091,0.9090909090909091,0.9090909090909091,0.9090909090909091,0.9090909090909091,0.9090909090909091,0.9090909090909091,0.9090909090909091,0.9090909090909091,0.9090909090909091,0.9090909090909091,0.9090909090909091,0.9090909090909091,0.9090909090909091,0.9090909090909091
31,0.5077651515151512,0.5077651515151512,0.5160443722943721,0.5252705627705626,0.5415584415584415,0.5771645021645022,0.5771645021645022,0.5919372294372294,0.5919372294372294,0.5973484848484849,0.6116883116883117,0.6204004329004329,0.6274350649350651,0.6274350649350651,0.6327380952380953,0.6327380952380953,0.6594696969696972,0.6594696969696972,0.6738636363636366,0.6857142857142859,0.6857142857142859,0.733766233766234,0.733766233766234,0.733766233766234,0.733766233766234,0.733766233766234,0.733766233766234,0.733766233766234,0.733766233766234,0.733766233766234,0.733766233766234,0.733766233766234,0.733766233766234,0.733766233766234,0.733766233766234,0.733766233766234,0.733766233766234,0.733766233766234,0.733766233766234,0.733766233766234,0.733766233766234,0.733766233766234,0.733766233766234,0.733766233766234,0.733766233766234,0.733766233766234,0.733766233766234,0.733766233766234,0.733766233766234,0.733766233766234,0.733766233766234,0.5909090909090909,0.5909090909090909,0.6363636363636364,0.6590909090909091,0.7045454545454546,0.7272727272727273,0.7272727272727273,0.7727272727272727,0.7727272727272727,0.7954545454545454,0.8181818181818182,0.8181818181818182,0.7727272727272727,0.7727272727272727,0.7954545454545454,0.7954545454545454,0.8409090909090909,0.8409090909090909,0.8636363636363636,0.9090909090909091,0.9090909090909091,0.9318181818181818,0.9318181818181818,0.9318181818181818,0.9318181818181818,0.9318181818181818,0.9318181818181818,0.9318181818181818,0.9318181818181818,0.9318181818181818,0.9318181818181818,0.9318181818181818,0.9318181818181818,0.9318181818181818,0.9318181818181818,0.9318181818181818,0.9318181818181818,0.9318181818181818,0.9318181818181818,0.9318181818181818,0.9318181818181818,0.9318181818181818,0.9318181818181818,0.9318181818181818,0.9318181818181818,0.9318181818181818,0.9318181818181818,0.9318181818181818,0.9318181818181818,0.9318181818181818,0.9318181818181818
32,0.44999999999999996,0.4661764705882353,0.49068627450980384,0.5196078431372548,0.5196078431372548,0.5298319327731091,0.5298319327731091,0.5298319327731091,0.5646358543417368,0.6048319327731093,0.651890756302521,0.6984593837535014,0.7156162464985993,0.7156162464985993,0.7156162464985993,0.7279411764705882,0.7634453781512606,0.7634453781512606,0.7634453781512606,0.7634453781512606,0.7634453781512606,0.7634453781512606,0.7634453781512606,0.7634453781512606,0.7634453781512606,0.7634453781512606,0.7634453781512606,0.7634453781512606,0.7634453781512606,0.7634453781512606,0.7634453781512606,0.7634453781512606,0.7634453781512606,0.7634453781512606,0.7634453781512606,0.7634453781512606,0.7634453781512606,0.7634453781512606,0.7634453781512606,0.7634453781512606,0.7634453781512606,0.7634453781512606,0.7634453781512606,0.7634453781512606,0.7634453781512606,0.7634453781512606,0.7634453781512606,0.7634453781512606,0.7634453781512606,0.7634453781512606,0.7634453781512606,0.5588235294117647,0.5882352941176471,0.6176470588235294,0.6470588235294118,0.6470588235294118,0.6764705882352942,0.6764705882352942,0.7058823529411765,0.7647058823529411,0.8235294117647058,0.8529411764705882,0.8823529411764706,0.9117647058823529,0.9117647058823529,0.9117647058823529,0.9117647058823529,0.9411764705882353,0.9411764705882353,0.9411764705882353,0.9411764705882353,0.9411764705882353,0.9411764705882353,0.9411764705882353,0.9411764705882353,0.9411764705882353,0.9411764705882353,0.9411764705882353,0.9411764705882353,0.9411764705882353,0.9411764705882353,0.9411764705882353,0.9411764705882353,0.9411764705882353,0.9411764705882353,0.9411764705882353,0.9411764705882353,0.9411764705882353,0.9411764705882353,0.9411764705882353,0.9411764705882353,0.9411764705882353,0.9411764705882353,0.9411764705882353,0.9411764705882353,0.9411764705882353,0.9411764705882353,0.9411764705882353,0.9411764705882353,0.9411764705882353,0.9411764705882353,0.9411764705882353
33,0.4691919191919192,0.5252525252525252,0.5252525252525252,0.5707070707070706,0.5717171717171717,0.5717171717171717,0.5813131313131312,0.5813131313131312,0.6247474747474746,0.6565656565656565,0.6712121212121213,0.7090909090909091,0.726767676767677,0.726767676767677,0.726767676767677,0.726767676767677,0.726767676767677,0.726767676767677,0.726767676767677,0.726767676767677,0.726767676767677,0.726767676767677,0.726767676767677,0.726767676767677,0.726767676767677,0.726767676767677,0.726767676767677,0.726767676767677,0.726767676767677,0.726767676767677,0.726767676767677,0.726767676767677,0.726767676767677,0.726767676767677,0.726767676767677,0.726767676767677,0.726767676767677,0.726767676767677,0.726767676767677,0.726767676767677,0.726767676767677,0.726767676767677,0.726767676767677,0.726767676767677,0.726767676767677,0.726767676767677,0.726767676767677,0.726767676767677,0.726767676767677,0.726767676767677,0.726767676767677,0.5757575757575758,0.6363636363636364,0.6363636363636364,0.6666666666666666,0.696969696969697,0.696969696969697,0.7272727272727273,0.7272727272727273,0.8181818181818182,0.8484848484848485,0.8787878787878788,0.9090909090909091,0.9393939393939394,0.9393939393939394,0.9393939393939394,0.9393939393939394,0.9393939393939394,0.9393939393939394,0.9393939393939394,0.9393939393939394,0.9393939393939394,0.9393939393939394,0.9393939393939394,0.9393939393939394,0.9393939393939394,0.9393939393939394,0.9393939393939394,0.9393939393939394,0.9393939393939394,0.9393939393939394,0.9393939393939394,0.9393939393939394,0.9393939393939394,0.9393939393939394,0.9393939393939394,0.9393939393939394,0.9393939393939394,0.9393939393939394,0.9393939393939394,0.9393939393939394,0.9393939393939394,0.9393939393939394,0.9393939393939394,0.9393939393939394,0.9393939393939394,0.9393939393939394,0.9393939393939394,0.9393939393939394,0.9393939393939394,0.9393939393939394,0.9393939393939394
34,0.5691558441558442,0.575595238095238,0.5983225108225109,0.6277597402597404,0.6716991341991343,0.6716991341991343,0.6716991341991343,0.6646103896103897,0.6646103896103897,0.6764880952380953,0.6897456709956711,0.6897456709956711,0.6897456709956711,0.6897456709956711,0.709063852813853,0.709063852813853,0.709063852813853,0.709063852813853,0.709063852813853,0.709063852813853,0.709063852813853,0.709063852813853,0.709063852813853,0.709063852813853,0.709063852813853,0.709063852813853,0.709063852813853,0.709063852813853,0.709063852813853,0.709063852813853,0.709063852813853,0.709063852813853,0.709063852813853,0.709063852813853,0.709063852813853,0.709063852813853,0.709063852813853,0.709063852813853,0.709063852813853,0.709063852813853,0.709063852813853,0.709063852813853,0.709063852813853,0.709063852813853,0.709063852813853,0.709063852813853,0.709063852813853,0.709063852813853,0.709063852813853,0.709063852813853,0.709063852813853,0.6818181818181818,0.7272727272727273,0.7727272727272727,0.8181818181818182,0.8181818181818182,0.8181818181818182,0.8181818181818182,0.7954545454545454,0.7954545454545454,0.8181818181818182,0.8636363636363636,0.8636363636363636,0.8636363636363636,0.8636363636363636,0.9090909090909091,0.9090909090909091,0.9090909090909091,0.9090909090909091,0.9090909090909091,0.9090909090909091,0.9090909090909091,0.9090909090909091,0.9090909090909091,0.9090909090909091,0.9090909090909091,0.9090909090909091,0.9090909090909091,0.9090909090909091,0.9090909090909091,0.9090909090909091,0.9090909090909091,0.9090909090909091,0.9090909090909091,0.9090909090909091,0.9090909090909091,0.9090909090909091,0.9090909090909091,0.9090909090909091,0.9090909090909091,0.9090909090909091,0.9090909090909091,0.9090909090909091,0.9090909090909091,0.9090909090909091,0.9090909090909091,0.9090909090909091,0.9090909090909091,0.9090909090909091,0.9090909090909091,0.9090909090909091,0.9090909090909091
35,0.565625,0.5890625,0.6239583333333333,0.6343749999999999,0.6343749999999999,0.6609375000000001,0.6609375000000001,0.6463541666666667,0.6848958333333334,0.7265625,0.7458333333333333,0.7458333333333333,0.7458333333333333,0.7458333333333333,0.7458333333333333,0.7458333333333333,0.7458333333333333,0.7458333333333333,0.7458333333333333,0.7458333333333333,0.7458333333333333,0.7458333333333333,0.7458333333333333,0.7458333333333333,0.7458333333333333,0.7458333333333333,0.7458333333333333,0.7458333333333333,0.7458333333333333,0.7458333333333333,0.7458333333333333,0.7458333333333333,0.7458333333333333,0.7458333333333333,0.7458333333333333,0.7458333333333333,0.7458333333333333,0.7458333333333333,0.7458333333333333,0.7458333333333333,0.7458333333333333,0.7458333333333333,0.7458333333333333,0.7458333333333333,0.7458333333333333,0.7458333333333333,0.7458333333333333,0.7458333333333333,0.7458333333333333,0.7458333333333333,0.7458333333333333,0.65625,0.6875,0.75,0.78125,0.78125,0.8125,0.8125,0.84375,0.875,0.90625,0.9375,0.9375,0.9375,0.9375,0.9375,0.9375,0.9375,0.9375,0.9375,0.9375,0.9375,0.9375,0.9375,0.9375,0.9375,0.9375,0.9375,0.9375,0.9375,0.9375,0.9375,0.9375,0.9375,0.9375,0.9375,0.9375,0.9375,0.9375,0.9375,0.9375,0.9375,0.9375,0.9375,0.9375,0.9375,0.9375,0.9375,0.9375,0.9375,0.9375,0.9375
36,0.5075268817204301,0.5478494623655914,0.603225806451613,0.667741935483871,0.6870967741935484,0.7166666666666667,0.7284946236559139,0.7284946236559139,0.763978494623656,0.763978494623656,0.7768817204301075,0.7768817204301075,0.7768817204301075,0.7768817204301075,0.7768817204301075,0.7768817204301075,0.7768817204301075,0.7768817204301075,0.7768817204301075,0.7768817204301075,0.7768817204301075,0.7768817204301075,0.7768817204301075,0.7768817204301075,0.7768817204301075,0.7768817204301075,0.7768817204301075,0.7768817204301075,0.7768817204301075,0.7768817204301075,0.7768817204301075,0.7768817204301075,0.7768817204301075,0.7768817204301075,0.7768817204301075,0.7768817204301075,0.7768817204301075,0.7768817204301075,0.7768817204301075,0.7768817204301075,0.7768817204301075,0.7768817204301075,0.7768817204301075,0.7768817204301075,0.7768817204301075,0.7768817204301075,0.7768817204301075,0.7768817204301075,0.7768817204301075,0.7768817204301075,0.7768817204301075,0.6774193548387096,0.7419354838709677,0.7741935483870968,0.7741935483870968,0.8064516129032258,0.8387096774193549,0.8709677419354839,0.8709677419354839,0.9032258064516129,0.9032258064516129,0.9032258064516129,0.9032258064516129,0.9032258064516129,0.9032258064516129,0.9032258064516129,0.9032258064516129,0.9032258064516129,0.9032258064516129,0.9032258064516129,0.9032258064516129,0.9032258064516129,0.9032258064516129,0.9032258064516129,0.9032258064516129,0.9032258064516129,0.9032258064516129,0.9032258064516129,0.9032258064516129,0.9032258064516129,0.9032258064516129,0.9032258064516129,0.9032258064516129,0.9032258064516129,0.9032258064516129,0.9032258064516129,0.9032258064516129,0.9032258064516129,0.9032258064516129,0.9032258064516129,0.9032258064516129,0.9032258064516129,0.9032258064516129,0.9032258064516129,0.9032258064516129,0.9032258064516129,0.9032258064516129,0.9032258064516129,0.9032258064516129,0.9032258064516129,0.9032258064516129,0.9032258064516129
37,0.45049019607843144,0.45784313725490194,0.4774509803921569,0.5166666666666666,0.5196078431372548,0.5405462184873949,0.555252100840336,0.5720588235294117,0.6014705882352942,0.6142156862745098,0.6637254901960783,0.7240196078431371,0.7485294117647059,0.7798319327731092,0.803921568627451,0.7940476190476191,0.8112745098039218,0.8112745098039218,0.8112745098039218,0.8112745098039218,0.8112745098039218,0.8112745098039218,0.8112745098039218,0.8112745098039218,0.8112745098039218,0.8112745098039218,0.8112745098039218,0.8112745098039218,0.8112745098039218,0.8112745098039218,0.8112745098039218,0.8112745098039218,0.8112745098039218,0.8112745098039218,0.8112745098039218,0.8112745098039218,0.8112745098039218,0.8112745098039218,0.8112745098039218,0.8112745098039218,0.8112745098039218,0.8112745098039218,0.8112745098039218,0.8112745098039218,0.8112745098039218,0.8112745098039218,0.8112745098039218,0.8112745098039218,0.8112745098039218,0.8112745098039218,0.8112745098039218,0.5,0.5294117647058824,0.5588235294117647,0.6176470588235294,0.6764705882352942,0.6764705882352942,0.7352941176470589,0.7647058823529411,0.8235294117647058,0.8529411764705882,0.8823529411764706,0.8823529411764706,0.9117647058823529,0.9411764705882353,0.9705882352941176,0.9705882352941176,1.0,1.0,1.0,1.0,1.0,1.0,1.0,1.0,1.0,1.0,1.0,1.0,1.0,1.0,1.0,1.0,1.0,1.0,1.0,1.0,1.0,1.0,1.0,1.0,1.0,1.0,1.0,1.0,1.0,1.0,1.0,1.0,1.0,1.0,1.0
38,0.5191358024691358,0.5246913580246914,0.5123456790123457,0.5123456790123457,0.5339506172839505,0.5339506172839505,0.5833333333333334,0.5833333333333334,0.6111111111111112,0.6111111111111112,0.7067901234567903,0.7067901234567903,0.6882716049382716,0.6882716049382716,0.7129629629629629,0.7129629629629629,0.7777777777777779,0.7777777777777779,0.8333333333333334,0.8333333333333334,0.8333333333333334,0.8333333333333334,0.8333333333333334,0.8333333333333334,0.8333333333333334,0.8333333333333334,0.8333333333333334,0.8333333333333334,0.8333333333333334,0.8333333333333334,0.8333333333333334,0.8333333333333334,0.8333333333333334,0.8333333333333334,0.8333333333333334,0.8333333333333334,0.8333333333333334,0.8333333333333334,0.8333333333333334,0.8333333333333334,0.8333333333333334,0.8333333333333334,0.8333333333333334,0.8333333333333334,0.8333333333333334,0.8333333333333334,0.8333333333333334,0.8333333333333334,0.8333333333333334,0.8333333333333334,0.8333333333333334,0.5555555555555556,0.6296296296296297,0.6296296296296297,0.6296296296296297,0.7037037037037037,0.7037037037037037,0.7037037037037037,0.7037037037037037,0.7407407407407407,0.7407407407407407,0.7777777777777778,0.7777777777777778,0.8148148148148148,0.8148148148148148,0.8518518518518519,0.8518518518518519,0.8888888888888888,0.8888888888888888,0.9259259259259259,0.9259259259259259,0.9629629629629629,0.9629629629629629,0.9629629629629629,0.9629629629629629,0.9629629629629629,0.9629629629629629,0.9629629629629629,0.9629629629629629,0.9629629629629629,0.9629629629629629,0.9629629629629629,0.9629629629629629,0.9629629629629629,0.9629629629629629,0.9629629629629629,0.9629629629629629,0.9629629629629629,0.9629629629629629,0.9629629629629629,0.9629629629629629,0.9629629629629629,0.9629629629629629,0.9629629629629629,0.9629629629629629,0.9629629629629629,0.9629629629629629,0.9629629629629629,0.9629629629629629,0.9629629629629629,0.9629629629629629,0.9629629629629629
39,0.5486666666666666,0.6286666666666667,0.6719999999999999,0.6719999999999999,0.6506666666666666,0.6573333333333332,0.7106666666666667,0.6773333333333332,0.7,0.76,0.76,0.76,0.8073333333333332,0.8073333333333332,0.8073333333333332,0.8073333333333332,0.8073333333333332,0.8073333333333332,0.8073333333333332,0.8073333333333332,0.8073333333333332,0.8073333333333332,0.8073333333333332,0.8073333333333332,0.8073333333333332,0.8073333333333332,0.8073333333333332,0.8073333333333332,0.8073333333333332,0.8073333333333332,0.8073333333333332,0.8073333333333332,0.8073333333333332,0.8073333333333332,0.8073333333333332,0.8073333333333332,0.8073333333333332,0.8073333333333332,0.8073333333333332,0.8073333333333332,0.8073333333333332,0.8073333333333332,0.8073333333333332,0.8073333333333332,0.8073333333333332,0.8073333333333332,0.8073333333333332,0.8073333333333332,0.8073333333333332,0.8073333333333332,0.8073333333333332,0.48,0.56,0.64,0.68,0.72,0.76,0.84,0.88,0.88,0.88,0.88,0.88,0.96,0.96,0.96,0.96,0.96,0.96,0.96,0.96,0.96,0.96,0.96,0.96,0.96,0.96,0.96,0.96,0.96,0.96,0.96,0.96,0.96,0.96,0.96,0.96,0.96,0.96,0.96,0.96,0.96,0.96,0.96,0.96,0.96,0.96,0.96,0.96,0.96,0.96,0.96
40,0.5108108108108108,0.5534105534105532,0.5993564993564994,0.6061132561132562,0.6128700128700129,0.6128700128700129,0.6474259974259975,0.6603603603603605,0.673873873873874,0.6806306306306308,0.6806306306306308,0.6949163449163449,0.6949163449163449,0.7090090090090092,0.7090090090090092,0.7090090090090092,0.7090090090090092,0.7090090090090092,0.7090090090090092,0.7090090090090092,0.7090090090090092,0.7090090090090092,0.7090090090090092,0.7090090090090092,0.7090090090090092,0.7090090090090092,0.7090090090090092,0.7090090090090092,0.7090090090090092,0.7090090090090092,0.7090090090090092,0.7090090090090092,0.7090090090090092,0.7090090090090092,0.7090090090090092,0.7090090090090092,0.7090090090090092,0.7090090090090092,0.7090090090090092,0.7090090090090092,0.7090090090090092,0.7090090090090092,0.7090090090090092,0.7090090090090092,0.7090090090090092,0.7090090090090092,0.7090090090090092,0.7090090090090092,0.7090090090090092,0.7090090090090092,0.7090090090090092,0.6756756756756757,0.7027027027027027,0.7297297297297297,0.7567567567567568,0.8108108108108109,0.8108108108108109,0.8378378378378378,0.8648648648648649,0.8918918918918919,0.8918918918918919,0.8918918918918919,0.918918918918919,0.918918918918919,0.972972972972973,0.972972972972973,0.972972972972973,0.972972972972973,0.972972972972973,0.972972972972973,0.972972972972973,0.972972972972973,0.972972972972973,0.972972972972973,0.972972972972973,0.972972972972973,0.972972972972973,0.972972972972973,0.972972972972973,0.972972972972973,0.972972972972973,0.972972972972973,0.972972972972973,0.972972972972973,0.972972972972973,0.972972972972973,0.972972972972973,0.972972972972973,0.972972972972973,0.972972972972973,0.972972972972973,0.972972972972973,0.972972972972973,0.972972972972973,0.972972972972973,0.972972972972973,0.972972972972973,0.972972972972973,0.972972972972973,0.972972972972973,0.972972972972973,0.972972972972973
41,0.4526315789473684,0.45701754385964916,0.492982456140351,0.5223684210526316,0.5223684210526316,0.5223684210526316,0.5693609022556391,0.5890977443609023,0.6130952380952381,0.6205513784461154,0.6205513784461154,0.6338345864661655,0.6667293233082707,0.6667293233082707,0.6667293233082707,0.7022556390977445,0.7022556390977445,0.7022556390977445,0.7022556390977445,0.7022556390977445,0.7022556390977445,0.7022556390977445,0.7022556390977445,0.7022556390977445,0.7022556390977445,0.7022556390977445,0.7022556390977445,0.7022556390977445,0.7022556390977445,0.7022556390977445,0.7022556390977445,0.7022556390977445,0.7022556390977445,0.7022556390977445,0.7022556390977445,0.7022556390977445,0.7022556390977445,0.7022556390977445,0.7022556390977445,0.7022556390977445,0.7022556390977445,0.7022556390977445,0.7022556390977445,0.7022556390977445,0.7022556390977445,0.7022556390977445,0.7022556390977445,0.7022556390977445,0.7022556390977445,0.7022556390977445,0.7022556390977445,0.5,0.5,0.5789473684210527,0.631578947368421,0.631578947368421,0.631578947368421,0.6578947368421053,0.7368421052631579,0.7368421052631579,0.7631578947368421,0.7631578947368421,0.7631578947368421,0.8157894736842105,0.8157894736842105,0.8157894736842105,0.8421052631578947,0.8421052631578947,0.8421052631578947,0.8421052631578947,0.8421052631578947,0.8421052631578947,0.8421052631578947,0.8421052631578947,0.8421052631578947,0.8421052631578947,0.8421052631578947,0.8421052631578947,0.8421052631578947,0.8421052631578947,0.8421052631578947,0.8421052631578947,0.8421052631578947,0.8421052631578947,0.8421052631578947,0.8421052631578947,0.8421052631578947,0.8421052631578947,0.8421052631578947,0.8421052631578947,0.8421052631578947,0.8421052631578947,0.8421052631578947,0.8421052631578947,0.8421052631578947,0.8421052631578947,0.8421052631578947,0.8421052631578947,0.8421052631578947,0.8421052631578947,0.8421052631578947,0.8421052631578947
42,0.632046332046332,0.632046332046332,0.6468468468468468,0.6468468468468468,0.654054054054054,0.6798584298584298,0.7140926640926641,0.7140926640926641,0.7140926640926641,0.7136422136422137,0.7136422136422137,0.7136422136422137,0.7136422136422137,0.7136422136422137,0.7136422136422137,0.7136422136422137,0.7136422136422137,0.7136422136422137,0.7136422136422137,0.7136422136422137,0.7136422136422137,0.7136422136422137,0.7136422136422137,0.7136422136422137,0.7136422136422137,0.7136422136422137,0.7136422136422137,0.7136422136422137,0.7136422136422137,0.7136422136422137,0.7136422136422137,0.7136422136422137,0.7136422136422137,0.7136422136422137,0.7136422136422137,0.7136422136422137,0.7136422136422137,0.7136422136422137,0.7136422136422137,0.7136422136422137,0.7136422136422137,0.7136422136422137,0.7136422136422137,0.7136422136422137,0.7136422136422137,0.7136422136422137,0.7136422136422137,0.7136422136422137,0.7136422136422137,0.7136422136422137,0.7136422136422137,0.7567567567567568,0.7567567567567568,0.7837837837837838,0.7837837837837838,0.8108108108108109,0.8648648648648649,0.8918918918918919,0.8918918918918919,0.8918918918918919,0.8918918918918919,0.8918918918918919,0.8918918918918919,0.8918918918918919,0.8918918918918919,0.8918918918918919,0.8918918918918919,0.8918918918918919,0.8918918918918919,0.8918918918918919,0.8918918918918919,0.8918918918918919,0.8918918918918919,0.8918918918918919,0.8918918918918919,0.8918918918918919,0.8918918918918919,0.8918918918918919,0.8918918918918919,0.8918918918918919,0.8918918918918919,0.8918918918918919,0.8918918918918919,0.8918918918918919,0.8918918918918919,0.8918918918918919,0.8918918918918919,0.8918918918918919,0.8918918918918919,0.8918918918918919,0.8918918918918919,0.8918918918918919,0.8918918918918919,0.8918918918918919,0.8918918918918919,0.8918918918918919,0.8918918918918919,0.8918918918918919,0.8918918918918919,0.8918918918918919,0.8918918918918919,0.8918918918918919
43,0.6659663865546218,0.6659663865546218,0.680672268907563,0.7053221288515406,0.7053221288515406,0.7206582633053221,0.7231092436974791,0.7618347338935575,0.7618347338935575,0.7618347338935575,0.7618347338935575,0.7618347338935575,0.7618347338935575,0.7618347338935575,0.7618347338935575,0.7618347338935575,0.7618347338935575,0.7618347338935575,0.7618347338935575,0.7618347338935575,0.7618347338935575,0.7618347338935575,0.7618347338935575,0.7618347338935575,0.7618347338935575,0.7618347338935575,0.7618347338935575,0.7618347338935575,0.7618347338935575,0.7618347338935575,0.7618347338935575,0.7618347338935575,0.7618347338935575,0.7618347338935575,0.7618347338935575,0.7618347338935575,0.7618347338935575,0.7618347338935575,0.7618347338935575,0.7618347338935575,0.7618347338935575,0.7618347338935575,0.7618347338935575,0.7618347338935575,0.7618347338935575,0.7618347338935575,0.7618347338935575,0.7618347338935575,0.7618347338935575,0.7618347338935575,0.7618347338935575,0.7058823529411765,0.7058823529411765,0.7647058823529411,0.8235294117647058,0.8235294117647058,0.8529411764705882,0.9117647058823529,0.9411764705882353,0.9411764705882353,0.9411764705882353,0.9411764705882353,0.9411764705882353,0.9411764705882353,0.9411764705882353,0.9411764705882353,0.9411764705882353,0.9411764705882353,0.9411764705882353,0.9411764705882353,0.9411764705882353,0.9411764705882353,0.9411764705882353,0.9411764705882353,0.9411764705882353,0.9411764705882353,0.9411764705882353,0.9411764705882353,0.9411764705882353,0.9411764705882353,0.9411764705882353,0.9411764705882353,0.9411764705882353,0.9411764705882353,0.9411764705882353,0.9411764705882353,0.9411764705882353,0.9411764705882353,0.9411764705882353,0.9411764705882353,0.9411764705882353,0.9411764705882353,0.9411764705882353,0.9411764705882353,0.9411764705882353,0.9411764705882353,0.9411764705882353,0.9411764705882353,0.9411764705882353,0.9411764705882353,0.9411764705882353,0.9411764705882353
44,0.5969696969696969,0.6272727272727272,0.6363636363636364,0.677994227994228,0.7093073593073593,0.7287878787878789,0.7287878787878789,0.7287878787878789,0.7732323232323233,0.7732323232323233,0.7732323232323233,0.7732323232323233,0.7732323232323233,0.7732323232323233,0.7732323232323233,0.7732323232323233,0.7732323232323233,0.7732323232323233,0.7732323232323233,0.7732323232323233,0.7732323232323233,0.7732323232323233,0.7732323232323233,0.7732323232323233,0.7732323232323233,0.7732323232323233,0.7732323232323233,0.7732323232323233,0.7732323232323233,0.7732323232323233,0.7732323232323233,0.7732323232323233,0.7732323232323233,0.7732323232323233,0.7732323232323233,0.7732323232323233,0.7732323232323233,0.7732323232323233,0.7732323232323233,0.7732323232323233,0.7732323232323233,0.7732323232323233,0.7732323232323233,0.7732323232323233,0.7732323232323233,0.7732323232323233,0.7732323232323233,0.7732323232323233,0.7732323232323233,0.7732323232323233,0.7732323232323233,0.7575757575757576,0.8181818181818182,0.8181818181818182,0.8484848484848485,0.8787878787878788,0.9090909090909091,0.9090909090909091,0.9090909090909091,0.9393939393939394,0.9393939393939394,0.9393939393939394,0.9393939393939394,0.9393939393939394,0.9393939393939394,0.9393939393939394,0.9393939393939394,0.9393939393939394,0.9393939393939394,0.9393939393939394,0.9393939393939394,0.9393939393939394,0.9393939393939394,0.9393939393939394,0.9393939393939394,0.9393939393939394,0.9393939393939394,0.9393939393939394,0.9393939393939394,0.9393939393939394,0.9393939393939394,0.9393939393939394,0.9393939393939394,0.9393939393939394,0.9393939393939394,0.9393939393939394,0.9393939393939394,0.9393939393939394,0.9393939393939394,0.9393939393939394,0.9393939393939394,0.9393939393939394,0.9393939393939394,0.9393939393939394,0.9393939393939394,0.9393939393939394,0.9393939393939394,0.9393939393939394,0.9393939393939394,0.9393939393939394,0.9393939393939394,0.9393939393939394
45,0.5192708333333333,0.5192708333333333,0.5624999999999999,0.5624999999999999,0.5859375,0.5859375,0.6052083333333333,0.6052083333333333,0.6260416666666667,0.6260416666666667,0.6442708333333332,0.6442708333333332,0.6572916666666667,0.6572916666666667,0.6572916666666667,0.7041666666666667,0.7041666666666667,0.7041666666666667,0.7536458333333335,0.7536458333333335,0.7536458333333335,0.7880208333333334,0.7880208333333334,0.7880208333333334,0.7880208333333334,0.7880208333333334,0.7880208333333334,0.7880208333333334,0.7880208333333334,0.7880208333333334,0.7880208333333334,0.7880208333333334,0.7880208333333334,0.7880208333333334,0.7880208333333334,0.7880208333333334,0.7880208333333334,0.7880208333333334,0.7880208333333334,0.7880208333333334,0.7880208333333334,0.7880208333333334,0.7880208333333334,0.7880208333333334,0.7880208333333334,0.7880208333333334,0.7880208333333334,0.7880208333333334,0.7880208333333334,0.7880208333333334,0.7880208333333334,0.71875,0.71875,0.6875,0.6875,0.71875,0.71875,0.75,0.75,0.78125,0.78125,0.8125,0.8125,0.84375,0.84375,0.84375,0.875,0.875,0.875,0.90625,0.90625,0.90625,0.9375,0.9375,0.9375,0.9375,0.9375,0.9375,0.9375,0.9375,0.9375,0.9375,0.9375,0.9375,0.9375,0.9375,0.9375,0.9375,0.9375,0.9375,0.9375,0.9375,0.9375,0.9375,0.9375,0.9375,0.9375,0.9375,0.9375,0.9375,0.9375,0.9375
46,0.593939393939394,0.646969696969697,0.646969696969697,0.6702020202020202,0.7282828282828283,0.7585858585858586,0.783838383838384,0.783838383838384,0.783838383838384,0.783838383838384,0.783838383838384,0.783838383838384,0.783838383838384,0.783838383838384,0.783838383838384,0.783838383838384,0.783838383838384,0.783838383838384,0.783838383838384,0.783838383838384,0.783838383838384,0.783838383838384,0.783838383838384,0.783838383838384,0.783838383838384,0.783838383838384,0.783838383838384,0.783838383838384,0.783838383838384,0.783838383838384,0.783838383838384,0.783838383838384,0.783838383838384,0.783838383838384,0.783838383838384,0.783838383838384,0.783838383838384,0.783838383838384,0.783838383838384,0.783838383838384,0.783838383838384,0.783838383838384,0.783838383838384,0.783838383838384,0.783838383838384,0.783838383838384,0.783838383838384,0.783838383838384,0.783838383838384,0.783838383838384,0.783838383838384,0.696969696969697,0.7575757575757576,0.7575757575757576,0.8181818181818182,0.8484848484848485,0.8787878787878788,0.9393939393939394,0.9393939393939394,0.9393939393939394,0.9393939393939394,0.9393939393939394,0.9393939393939394,0.9393939393939394,0.9393939393939394,0.9393939393939394,0.9393939393939394,0.9393939393939394,0.9393939393939394,0.9393939393939394,0.9393939393939394,0.9393939393939394,0.9393939393939394,0.9393939393939394,0.9393939393939394,0.9393939393939394,0.9393939393939394,0.9393939393939394,0.9393939393939394,0.9393939393939394,0.9393939393939394,0.9393939393939394,0.9393939393939394,0.9393939393939394,0.9393939393939394,0.9393939393939394,0.9393939393939394,0.9393939393939394,0.9393939393939394,0.9393939393939394,0.9393939393939394,0.9393939393939394,0.9393939393939394,0.9393939393939394,0.9393939393939394,0.9393939393939394,0.9393939393939394,0.9393939393939394,0.9393939393939394,0.9393939393939394,0.9393939393939394,0.9393939393939394
47,0.6517857142857143,0.6517857142857143,0.6690476190476191,0.6690476190476191,0.7017857142857143,0.7017857142857143,0.6630952380952381,0.6630952380952381,0.6630952380952381,0.7142857142857144,0.7142857142857144,0.7142857142857144,0.7339285714285715,0.7339285714285715,0.7309523809523809,0.7309523809523809,0.7779761904761905,0.7779761904761905,0.7779761904761905,0.7994047619047621,0.7994047619047621,0.7994047619047621,0.805357142857143,0.805357142857143,0.805357142857143,0.805357142857143,0.805357142857143,0.805357142857143,0.805357142857143,0.805357142857143,0.805357142857143,0.805357142857143,0.805357142857143,0.805357142857143,0.805357142857143,0.805357142857143,0.805357142857143,0.805357142857143,0.805357142857143,0.805357142857143,0.805357142857143,0.805357142857143,0.805357142857143,0.805357142857143,0.805357142857143,0.805357142857143,0.805357142857143,0.805357142857143,0.805357142857143,0.805357142857143,0.805357142857143,0.6428571428571429,0.6428571428571429,0.6785714285714286,0.6785714285714286,0.7142857142857143,0.7142857142857143,0.75,0.75,0.75,0.75,0.75,0.75,0.7857142857142857,0.7857142857142857,0.8214285714285714,0.8214285714285714,0.8571428571428571,0.8571428571428571,0.8571428571428571,0.8571428571428571,0.8571428571428571,0.8571428571428571,0.8928571428571429,0.8928571428571429,0.8928571428571429,0.9285714285714286,0.9285714285714286,0.9285714285714286,0.9285714285714286,0.9285714285714286,0.9285714285714286,0.9285714285714286,0.9285714285714286,0.9285714285714286,0.9285714285714286,0.9285714285714286,0.9285714285714286,0.9285714285714286,0.9285714285714286,0.9285714285714286,0.9285714285714286,0.9285714285714286,0.9285714285714286,0.9285714285714286,0.9285714285714286,0.9285714285714286,0.9285714285714286,0.9285714285714286,0.9285714285714286,0.9285714285714286,0.9285714285714286
48,0.5430555555555556,0.5538359788359788,0.5538359788359788,0.5634259259259259,0.5476851851851853,0.5679232804232806,0.5679232804232806,0.5832010582010583,0.5787037037037037,0.5990740740740742,0.6203703703703705,0.6357804232804234,0.6357804232804234,0.6357804232804234,0.6640211640211642,0.6640211640211642,0.6640211640211642,0.6640211640211642,0.6640211640211642,0.6640211640211642,0.6640211640211642,0.6640211640211642,0.6640211640211642,0.6640211640211642,0.6640211640211642,0.6640211640211642,0.6640211640211642,0.6640211640211642,0.6640211640211642,0.6640211640211642,0.6640211640211642,0.6640211640211642,0.6640211640211642,0.6640211640211642,0.6640211640211642,0.6640211640211642,0.6640211640211642,0.6640211640211642,0.6640211640211642,0.6640211640211642,0.6640211640211642,0.6640211640211642,0.6640211640211642,0.6640211640211642,0.6640211640211642,0.6640211640211642,0.6640211640211642,0.6640211640211642,0.6640211640211642,0.6640211640211642,0.6640211640211642,0.6666666666666666,0.6944444444444444,0.6944444444444444,0.75,0.7777777777777778,0.7777777777777778,0.7777777777777778,0.8055555555555556,0.8333333333333334,0.8611111111111112,0.8888888888888888,0.9166666666666666,0.9166666666666666,0.9166666666666666,0.9444444444444444,0.9444444444444444,0.9444444444444444,0.9444444444444444,0.9444444444444444,0.9444444444444444,0.9444444444444444,0.9444444444444444,0.9444444444444444,0.9444444444444444,0.9444444444444444,0.9444444444444444,0.9444444444444444,0.9444444444444444,0.9444444444444444,0.9444444444444444,0.9444444444444444,0.9444444444444444,0.9444444444444444,0.9444444444444444,0.9444444444444444,0.9444444444444444,0.9444444444444444,0.9444444444444444,0.9444444444444444,0.9444444444444444,0.9444444444444444,0.9444444444444444,0.9444444444444444,0.9444444444444444,0.9444444444444444,0.9444444444444444,0.9444444444444444,0.9444444444444444,0.9444444444444444,0.9444444444444444,0.9444444444444444
49,0.5681372549019608,0.6156862745098038,0.6333333333333333,0.6872549019607842,0.7049019607843137,0.717156862745098,0.7073529411764706,0.7073529411764706,0.7098039215686275,0.7191176470588236,0.7401960784313726,0.7401960784313726,0.7401960784313726,0.7401960784313726,0.7401960784313726,0.7401960784313726,0.7401960784313726,0.7401960784313726,0.7401960784313726,0.7401960784313726,0.7401960784313726,0.7401960784313726,0.7401960784313726,0.7401960784313726,0.7401960784313726,0.7401960784313726,0.7401960784313726,0.7401960784313726,0.7401960784313726,0.7401960784313726,0.7401960784313726,0.7401960784313726,0.7401960784313726,0.7401960784313726,0.7401960784313726,0.7401960784313726,0.7401960784313726,0.7401960784313726,0.7401960784313726,0.7401960784313726,0.7401960784313726,0.7401960784313726,0.7401960784313726,0.7401960784313726,0.7401960784313726,0.7401960784313726,0.7401960784313726,0.7401960784313726,0.7401960784313726,0.7401960784313726,0.7401960784313726,0.6176470588235294,0.6764705882352942,0.7058823529411765,0.7647058823529411,0.8235294117647058,0.8529411764705882,0.8529411764705882,0.8529411764705882,0.8529411764705882,0.8823529411764706,0.9117647058823529,0.9117647058823529,0.9117647058823529,0.9117647058823529,0.9117647058823529,0.9117647058823529,0.9117647058823529,0.9117647058823529,0.9117647058823529,0.9117647058823529,0.9117647058823529,0.9117647058823529,0.9117647058823529,0.9117647058823529,0.9117647058823529,0.9117647058823529,0.9117647058823529,0.9117647058823529,0.9117647058823529,0.9117647058823529,0.9117647058823529,0.9117647058823529,0.9117647058823529,0.9117647058823529,0.9117647058823529,0.9117647058823529,0.9117647058823529,0.9117647058823529,0.9117647058823529,0.9117647058823529,0.9117647058823529,0.9117647058823529,0.9117647058823529,0.9117647058823529,0.9117647058823529,0.9117647058823529,0.9117647058823529,0.9117647058823529,0.9117647058823529,0.9117647058823529,0.9117647058823529
